# gpu    pwr  gtemp  mtemp     sm    mem    enc    dec    jpg    ofa   mclk   pclk  pviol  tviol     fb   bar1   ccpm  sbecc  dbecc    pci  rxpci  txpci 
# Idx      W      C      C      %      %      %      %      %      %    MHz    MHz      %   bool     MB     MB     MB   errs   errs   errs   MB/s   MB/s 
    0    158     44     43     36     28      0      0      0      0   3201   1980      0      0 116719 116720      0      0      0      0      0      0 
    0    140     44     42      0      0      0      0      0      0   3201   1980      0      0 116719 116720      0      0      0      0      0      0 
    0    139     44     42      0      0      0      0      0      0   3201   1980      0      0 116719 116720      0      0      0      0      0      1 
    0    139     44     42      0      0      0      0      0      0   3201   1980      0      0 116719 116720      0      0      0      0      0      0 
    0    139     44     41      0      0      0      0      0      0   3201   1980      0      0 116719 116720      0      0      0      0      0      1 
    0    138     43     41      0      0      0      0      0      0   3201   1980      0      0 116719 116720      0      0      0      0      0      0 
    0    138     43     41      0      0      0      0      0      0   3201   1980      0      0 116719 116720      0      0      0      0      0      1 
    0    138     43     41      0      0      0      0      0      0   3201   1980      0      0 116719 116720      0      0      0      0      0      0 
    0    138     43     41      0      0      0      0      0      0   3201   1980      0      0 116719 116720      0      0      0      0      0      1 
    0    138     43     41      0      0      0      0      0      0   3201   1980      0      0 116719 116720      0      0      0      0      0      0 
    0    138     43     41      0      0      0      0      0      0   3201   1980      0      0 116719 116720      0      0      0      0      0      1 
    0    138     43     41      0      0      0      0      0      0   3201   1980      0      0 116719 116720      0      0      0      0      0      0 
    0    137     42     40      0      0      0      0      0      0   3201   1980      0      0 116719 116720      0      0      0      0      0      0 
    0    482     49     52     89     67      0      0      0      0   3201   1980      0      0 116721 116722      0      0      0      0     41     14 
    0    519     50     53     89     67      0      0      0      0   3201   1980      0      0 116721 116722      0      0      0      0     44     13 
    0    520     51     53     89     67      0      0      0      0   3201   1980      0      0 116721 116722      0      0      0      0     44     14 
    0    522     51     54     88     67      0      0      0      0   3201   1980      0      0 116721 116722      0      0      0      0     43     14 
    0    522     52     53     89     68      0      0      0      0   3201   1980      0      0 116721 116722      0      0      0      0     42     14 
    0    524     52     54     88     67      0      0      0      0   3201   1980      0      0 116721 116722      0      0      0      0     64     14 
    0    524     52     53     89     67      0      0      0      0   3201   1980      0      0 116721 116722      0      0      0      0     44     14 
    0    523     52     54     89     67      0      0      0      0   3201   1980      0      0 116721 116722      0      0      0      0     41     14 
    0    523     53     53     88     67      0      0      0      0   3201   1980      0      0 116721 116722      0      0      0      0     41     14 
    0    526     53     57     89     67      0      0      0      0   3201   1980      0      0 116721 116722      0      0      0      0     43     14 
    0    523     53     56     89     68      0      0      0      0   3201   1980      0      0 116721 116722      0      0      0      0     42     14 
    0    523     54     56     85     64      0      0      0      0   3201   1980      0      0 116721 116722      0      0      0      0     45     14 
    0    527     54     55     89     67      0      0      0      0   3201   1980      0      0 116721 116722      0      0      0      0     43     14 
    0    524     54     54     89     67      0      0      0      0   3201   1980      0      0 116721 116722      0      0      0      0     44     14 
    0    524     55     57     89     67      0      0      0      0   3201   1980      0      0 116721 116722      0      0      0      0     46     14 
    0    526     54     57     89     67      0      0      0      0   3201   1980      0      0 116721 116722      0      0      0      0     41     14 
    0    526     54     56     89     67      0      0      0      0   3201   1980      0      0 116721 116722      0      0      0      0     41     14 
    0    525     55     57     85     64      0      0      0      0   3201   1980      0      0 116721 116722      0      0      0      0     43     14 
    0    525     55     58     89     67      0      0      0      0   3201   1980      0      0 116721 116722      0      0      0      0     44     14 
    0    527     55     56     89     68      0      0      0      0   3201   1980      0      0 116721 116722      0      0      0      0     41     14 
    0    527     55     56     89     68      0      0      0      0   3201   1980      0      0 116721 116722      0      0      0      0     41     14 
    0    528     55     58     88     67      0      0      0      0   3201   1980      0      0 116721 116722      0      0      0      0     43     14 
    0    528     55     56     89     67      0      0      0      0   3201   1980      0      0 116721 116722      0      0      0      0     41     14 
    0    527     56     56     88     67      0      0      0      0   3201   1980      0      0 116721 116722      0      0      0      0     41     14 
    0    526     56     59     89     68      0      0      0      0   3201   1980      0      0 116721 116722      0      0      0      0     45     14 
    0    523     56     58     89     67      0      0      0      0   3201   1980      0      0 116721 116722      0      0      0      0     43     13 
    0    525     56     58     89     68      0      0      0      0   3201   1980      0      0 116721 116722      0      0      0      0     41     15 
    0    525     56     58     89     67      0      0      0      0   3201   1980      0      0 116721 116722      0      0      0      0     41     14 
    0    523     56     58     89     67      0      0      0      0   3201   1980      0      0 116721 116722      0      0      0      0     43     14 
    0    522     56     57     89     66      0      0      0      0   3201   1980      0      0 116721 116722      0      0      0      0     41     14 
    0    528     56     57     88     67      0      0      0      0   3201   1980      0      0 116721 116722      0      0      0      0     43     15 
# gpu    pwr  gtemp  mtemp     sm    mem    enc    dec    jpg    ofa   mclk   pclk  pviol  tviol     fb   bar1   ccpm  sbecc  dbecc    pci  rxpci  txpci 
# Idx      W      C      C      %      %      %      %      %      %    MHz    MHz      %   bool     MB     MB     MB   errs   errs   errs   MB/s   MB/s 
    0    527     56     58     89     67      0      0      0      0   3201   1980      0      0 116721 116722      0      0      0      0     44     14 
    0    527     56     58     88     67      0      0      0      0   3201   1980      0      0 116721 116722      0      0      0      0     43     15 
    0    530     57     58     89     67      0      0      0      0   3201   1980      0      0 116721 116722      0      0      0      0     41     14 
    0    530     57     59     89     67      0      0      0      0   3201   1980      0      0 116721 116722      0      0      0      0     44     15 
    0    529     57     59     89     68      0      0      0      0   3201   1980      0      0 116721 116722      0      0      0      0     43     13 
    0    529     57     57     89     68      0      0      0      0   3201   1980      0      0 116721 116722      0      0      0      0     44     15 
    0    529     57     58     88     67      0      0      0      0   3201   1980      0      0 116721 116722      0      0      0      0     44     14 
    0    527     57     60     89     67      0      0      0      0   3201   1980      0      0 116721 116722      0      0      0      0     45     15 
    0    527     57     58     89     68      0      0      0      0   3201   1980      0      0 116721 116722      0      0      0      0     41     14 
    0    527     57     59     89     67      0      0      0      0   3201   1980      0      0 116721 116722      0      0      0      0     43     15 
    0    531     57     59     87     66      0      0      0      0   3201   1980      0      0 116721 116722      0      0      0      0     41     14 
    0    533     57     61     89     67      0      0      0      0   3201   1980      0      0 116721 116722      0      0      0      0     43     15 
    0    531     58     57     88     67      0      0      0      0   3201   1980      0      0 116721 116722      0      0      0      0     43     14 
    0    529     58     60     89     68      0      0      0      0   3201   1980      0      0 116721 116722      0      0      0      0     45     15 
    0    526     58     60     89     67      0      0      0      0   3201   1980      0      0 116721 116722      0      0      0      0     43     13 
    0    526     58     58     89     66      0      0      0      0   3201   1980      0      0 116721 116722      0      0      0      0     40     14 
    0    527     58     60     89     67      0      0      0      0   3201   1980      0      0 116721 116722      0      0      0      0     43     14 
    0    529     58     59     89     67      0      0      0      0   3201   1980      0      0 116721 116722      0      0      0      0     41     15 
    0    529     58     61     89     67      0      0      0      0   3201   1980      0      0 116721 116722      0      0      0      0     41     14 
    0    536     58     59     88     67      0      0      0      0   3201   1980      0      0 116721 116722      0      0      0      0     42     15 
    0    527     58     60     89     67      0      0      0      0   3201   1980      0      0 116721 116722      0      0      0      0     44     14 
    0    538     58     61     89     67      0      0      0      0   3201   1980      0      0 116721 116722      0      0      0      0     42     15 
    0    534     58     59     89     67      0      0      0      0   3201   1980      0      0 116721 116722      0      0      0      0     41     14 
    0    535     58     59     88     67      0      0      0      0   3201   1980      0      0 116721 116722      0      0      0      0     43     15 
    0    536     58     59     89     68      0      0      0      0   3201   1980      0      0 116721 116722      0      0      0      0     41     14 
    0    534     58     60     89     67      0      0      0      0   3201   1980      0      0 116721 116722      0      0      0      0     44     15 
    0    536     59     61     89     67      0      0      0      0   3201   1980      0      0 116721 116722      0      0      0      0     43     13 
    0    535     59     61     88     67      0      0      0      0   3201   1980      0      0 116721 116722      0      0      0      0     45     15 
    0    536     59     59     89     67      0      0      0      0   3201   1980      0      0 116721 116722      0      0      0      0     43     14 
    0    538     59     61     89     67      0      0      0      0   3201   1980      0      0 116721 116722      0      0      0      0     41     14 
    0    539     59     60     89     67      0      0      0      0   3201   1980      0      0 116721 116722      0      0      0      0     41     15 
    0    536     59     61     89     67      0      0      0      0   3201   1980      0      0 116721 116722      0      0      0      0     44     14 
    0    538     59     60     89     67      0      0      0      0   3201   1980      0      0 116721 116722      0      0      0      0     43     14 
    0    537     59     59     89     68      0      0      0      0   3201   1980      0      0 116721 116722      0      0      0      0     45     14 
    0    537     59     60     89     68      0      0      0      0   3201   1980      0      0 116721 116722      0      0      0      0     43     13 
    0    535     59     61     89     68      0      0      0      0   3201   1980      0      0 116721 116722      0      0      0      0     45     14 
    0    539     59     60     85     64      0      0      0      0   3201   1980      0      0 116721 116722      0      0      0      0     41     14 
    0    535     59     62     89     67      0      0      0      0   3201   1980      0      0 116721 116722      0      0      0      0     42     13 
    0    537     59     61     89     67      0      0      0      0   3201   1980      0      0 116721 116722      0      0      0      0     45     14 
    0    536     59     60     89     67      0      0      0      0   3201   1980      0      0 116721 116722      0      0      0      0     42     14 
    0    536     59     61     89     68      0      0      0      0   3201   1980      0      0 116721 116722      0      0      0      0     41     14 
    0    537     59     60     89     67      0      0      0      0   3201   1980      0      0 116721 116722      0      0      0      0     46     14 
    0    536     59     61     84     63      0      0      0      0   3201   1980      0      0 116721 116722      0      0      0      0     41     14 
    0    534     59     59     89     67      0      0      0      0   3201   1980      0      0 116721 116722      0      0      0      0     41     14 
# gpu    pwr  gtemp  mtemp     sm    mem    enc    dec    jpg    ofa   mclk   pclk  pviol  tviol     fb   bar1   ccpm  sbecc  dbecc    pci  rxpci  txpci 
# Idx      W      C      C      %      %      %      %      %      %    MHz    MHz      %   bool     MB     MB     MB   errs   errs   errs   MB/s   MB/s 
    0    534     59     61     88     67      0      0      0      0   3201   1980      0      0 116721 116722      0      0      0      0     41     14 
    0    533     59     61     89     68      0      0      0      0   3201   1980      0      0 116721 116722      0      0      0      0     42     14 
    0    535     59     61     89     67      0      0      0      0   3201   1980      0      0 116721 116722      0      0      0      0     45     14 
    0    538     59     60     89     68      0      0      0      0   3201   1980      0      0 116721 116722      0      0      0      0     41     14 
    0    536     59     61     89     68      0      0      0      0   3201   1980      0      0 116721 116722      0      0      0      0     43     14 
    0    540     59     61     89     68      0      0      0      0   3201   1980      0      0 116721 116722      0      0      0      0     46     14 
    0    538     59     62     89     68      0      0      0      0   3201   1980      0      0 116721 116722      0      0      0      0     42     14 
    0    542     59     60     89     67      0      0      0      0   3201   1980      0      0 116721 116722      0      0      0      0     41     15 
    0    536     59     62     89     67      0      0      0      0   3201   1980      0      0 116721 116722      0      0      0      0     41     14 
    0    538     59     60     89     68      0      0      0      0   3201   1980      0      0 116721 116722      0      0      0      0     41     15 
    0    537     59     61     89     68      0      0      0      0   3201   1980      0      0 116721 116722      0      0      0      0     43     14 
    0    538     59     61     88     67      0      0      0      0   3201   1980      0      0 116721 116722      0      0      0      0     41     15 
    0    539     59     60     89     67      0      0      0      0   3201   1980      0      0 116721 116722      0      0      0      0     44     14 
    0    535     60     60     87     66      0      0      0      0   3201   1980      0      0 116721 116722      0      0      0      0     45     15 
    0    538     59     61     89     68      0      0      0      0   3201   1980      0      0 116721 116722      0      0      0      0     41     14 
    0    539     60     59     89     68      0      0      0      0   3201   1980      0      0 116721 116722      0      0      0      0     44     15 
    0    538     60     61     89     68      0      0      0      0   3201   1980      0      0 116721 116722      0      0      0      0     41     14 
    0    539     60     61     89     68      0      0      0      0   3201   1980      0      0 116721 116722      0      0      0      0     42     15 
    0    537     60     62     88     66      0      0      0      0   3201   1980      0      0 116721 116722      0      0      0      0     44     14 
    0    537     60     62     89     68      0      0      0      0   3201   1980      0      0 116721 116722      0      0      0      0     41     15 
    0    537     60     61     89     68      0      0      0      0   3201   1980      0      0 116721 116722      0      0      0      0     41     14 
    0    537     60     60     88     67      0      0      0      0   3201   1980      0      0 116721 116722      0      0      0      0     43     15 
    0    537     60     62     89     67      0      0      0      0   3201   1980      0      0 116721 116722      0      0      0      0     41     14 
    0    536     60     62     89     67      0      0      0      0   3201   1980      0      0 116721 116722      0      0      0      0     41     15 
    0    538     60     61     88     67      0      0      0      0   3201   1980      0      0 116721 116722      0      0      0      0     42     13 
    0    539     60     61     89     68      0      0      0      0   3201   1980      0      0 116721 116722      0      0      0      0     41     15 
    0    537     60     61     89     68      0      0      0      0   3201   1980      0      0 116721 116722      0      0      0      0     41     13 
    0    540     60     62     89     67      0      0      0      0   3201   1980      0      0 116721 116722      0      0      0      0     43     14 
    0    536     60     61     89     67      0      0      0      0   3201   1980      0      0 116721 116722      0      0      0      0     41     14 
    0    538     60     62     89     67      0      0      0      0   3201   1980      0      0 116721 116722      0      0      0      0     44     14 
    0    538     60     62     89     68      0      0      0      0   3201   1980      0      0 116721 116722      0      0      0      0     45     14 
    0    537     60     61     89     68      0      0      0      0   3201   1980      0      0 116721 116722      0      0      0      0     41     14 
    0    538     60     61     89     67      0      0      0      0   3201   1980      0      0 116721 116722      0      0      0      0     45     14 
    0    535     60     62     89     68      0      0      0      0   3201   1980      0      0 116721 116722      0      0      0      0     44     14 
    0    536     60     60     89     67      0      0      0      0   3201   1980      0      0 116721 116722      0      0      0      0     41     14 
    0    537     60     61     88     67      0      0      0      0   3201   1980      0      0 116721 116722      0      0      0      0     41     14 
    0    537     60     60     88     67      0      0      0      0   3201   1980      0      0 116721 116722      0      0      0      0     41     14 
    0    536     60     62     89     67      0      0      0      0   3201   1980      0      0 116721 116722      0      0      0      0     41     14 
    0    537     60     61     89     68      0      0      0      0   3201   1980      0      0 116721 116722      0      0      0      0     41     14 
    0    539     60     62     89     67      0      0      0      0   3201   1980      0      0 116721 116722      0      0      0      0     43     14 
    0    538     60     60     89     68      0      0      0      0   3201   1980      0      0 116721 116722      0      0      0      0     42     13 
    0    538     60     61     89     68      0      0      0      0   3201   1980      0      0 116721 116722      0      0      0      0     45     14 
    0    540     60     62     89     68      0      0      0      0   3201   1980      0      0 116721 116722      0      0      0      0     81     14 
    0    534     60     62     89     68      0      0      0      0   3201   1980      0      0 116721 116722      0      0      0      0     43     13 
# gpu    pwr  gtemp  mtemp     sm    mem    enc    dec    jpg    ofa   mclk   pclk  pviol  tviol     fb   bar1   ccpm  sbecc  dbecc    pci  rxpci  txpci 
# Idx      W      C      C      %      %      %      %      %      %    MHz    MHz      %   bool     MB     MB     MB   errs   errs   errs   MB/s   MB/s 
    0    538     60     60     88     67      0      0      0      0   3201   1980      0      0 116721 116722      0      0      0      0     45     14 
    0    538     60     61     89     67      0      0      0      0   3201   1980      0      0 116721 116722      0      0      0      0     44     14 
    0    534     60     62     89     67      0      0      0      0   3201   1980      0      0 116721 116722      0      0      0      0     42     14 
    0    538     60     61     89     67      0      0      0      0   3201   1980      0      0 116721 116722      0      0      0      0     43     14 
    0    537     60     62     89     67      0      0      0      0   3201   1980      0      0 116721 116722      0      0      0      0     41     14 
    0    539     60     62     89     67      0      0      0      0   3201   1980      0      0 116721 116722      0      0      0      0     42     14 
    0    539     60     62     89     67      0      0      0      0   3201   1980      0      0 116721 116722      0      0      0      0     42     14 
    0    536     60     60     88     67      0      0      0      0   3201   1980      0      0 116721 116722      0      0      0      0     44     14 
    0    540     60     62     89     68      0      0      0      0   3201   1980      0      0 116721 116722      0      0      0      0     43     13 
    0    537     60     62     88     67      0      0      0      0   3201   1980      0      0 116721 116722      0      0      0      0     44     14 
    0    537     60     60     85     64      0      0      0      0   3201   1980      0      0 116721 116722      0      0      0      0     41     14 
    0    536     60     62     88     67      0      0      0      0   3201   1980      0      0 116721 116722      0      0      0      0     43     14 
    0    537     60     62     89     68      0      0      0      0   3201   1980      0      0 116721 116722      0      0      0      0     41     14 
    0    535     60     62     89     68      0      0      0      0   3201   1980      0      0 116721 116722      0      0      0      0     44     14 
    0    539     60     61     89     67      0      0      0      0   3201   1980      0      0 116721 116722      0      0      0      0     40     14 
    0    536     60     61     89     67      0      0      0      0   3201   1980      0      0 116721 116722      0      0      0      0     62     14 
    0    534     60     60     88     67      0      0      0      0   3201   1980      0      0 116721 116722      0      0      0      0     45     14 
    0    539     60     60     89     68      0      0      0      0   3201   1980      0      0 116721 116722      0      0      0      0     44     14 
    0    536     60     61     89     67      0      0      0      0   3201   1980      0      0 116721 116722      0      0      0      0     46     14 
    0    538     60     60     88     67      0      0      0      0   3201   1980      0      0 116721 116722      0      0      0      0     41     14 
    0    540     60     62     89     67      0      0      0      0   3201   1980      0      0 116721 116722      0      0      0      0     42     14 
    0    539     60     62     89     67      0      0      0      0   3201   1980      0      0 116721 116722      0      0      0      0     41     14 
    0    538     60     62     89     68      0      0      0      0   3201   1980      0      0 116721 116722      0      0      0      0     42     14 
    0    539     60     61     89     67      0      0      0      0   3201   1980      0      0 116721 116722      0      0      0      0     45     14 
    0    537     60     62     88     67      0      0      0      0   3201   1980      0      0 116721 116722      0      0      0      0     45     14 
    0    537     60     61     89     67      0      0      0      0   3201   1980      0      0 116721 116722      0      0      0      0     43     14 
    0    536     60     60     89     68      0      0      0      0   3201   1980      0      0 116721 116722      0      0      0      0     45     14 
    0    538     59     60     89     68      0      0      0      0   3201   1980      0      0 116721 116722      0      0      0      0     41     14 
    0    537     60     62     89     68      0      0      0      0   3201   1980      0      0 116721 116722      0      0      0      0     44     14 
    0    536     60     62     89     67      0      0      0      0   3201   1980      0      0 116721 116722      0      0      0      0     41     14 
    0    538     60     60     89     67      0      0      0      0   3201   1980      0      0 116721 116722      0      0      0      0     45     14 
    0    538     60     62     89     68      0      0      0      0   3201   1980      0      0 116721 116722      0      0      0      0     43     13 
    0    539     60     62     89     67      0      0      0      0   3201   1980      0      0 116721 116722      0      0      0      0     42     14 
    0    537     60     61     89     67      0      0      0      0   3201   1980      0      0 116721 116722      0      0      0      0     41     14 
    0    540     60     62     89     68      0      0      0      0   3201   1980      0      0 116721 116722      0      0      0      0     42     13 
    0    536     60     62     89     67      0      0      0      0   3201   1980      0      0 116721 116722      0      0      0      0     46     14 
    0    538     60     62     89     67      0      0      0      0   3201   1980      0      0 116721 116722      0      0      0      0     43     14 
    0    537     60     62     89     67      0      0      0      0   3201   1980      0      0 116721 116722      0      0      0      0     44     13 
    0    535     60     62     89     67      0      0      0      0   3201   1980      0      0 116721 116722      0      0      0      0     41     14 
    0    534     60     62     88     66      0      0      0      0   3201   1980      0      0 116721 116722      0      0      0      0     43     13 
    0    534     60     61     89     67      0      0      0      0   3201   1980      0      0 116721 116722      0      0      0      0     44     14 
    0    533     60     61     89     67      0      0      0      0   3201   1980      0      0 116721 116722      0      0      0      0     41     14 
    0    533     60     62     89     67      0      0      0      0   3201   1980      0      0 116721 116722      0      0      0      0     42     13 
    0    538     60     62     89     68      0      0      0      0   3201   1980      0      0 116721 116722      0      0      0      0     41     14 
# gpu    pwr  gtemp  mtemp     sm    mem    enc    dec    jpg    ofa   mclk   pclk  pviol  tviol     fb   bar1   ccpm  sbecc  dbecc    pci  rxpci  txpci 
# Idx      W      C      C      %      %      %      %      %      %    MHz    MHz      %   bool     MB     MB     MB   errs   errs   errs   MB/s   MB/s 
    0    539     60     59     89     67      0      0      0      0   3201   1980      0      0 116721 116722      0      0      0      0     42     14 
    0    540     60     62     89     67      0      0      0      0   3201   1980      0      0 116721 116722      0      0      0      0     42     14 
    0    539     60     61     88     67      0      0      0      0   3201   1980      0      0 116721 116722      0      0      0      0     43     14 
    0    539     60     61     89     68      0      0      0      0   3201   1980      0      0 116721 116722      0      0      0      0     41     14 
    0    540     60     59     89     68      0      0      0      0   3201   1980      0      0 116721 116722      0      0      0      0     43     14 
    0    535     60     60     89     67      0      0      0      0   3201   1980      0      0 116721 116722      0      0      0      0     42     13 
    0    540     60     61     89     68      0      0      0      0   3201   1980      0      0 116721 116722      0      0      0      0     44     14 
    0    538     60     61     89     68      0      0      0      0   3201   1980      0      0 116721 116722      0      0      0      0     82     14 
    0    535     60     62     89     68      0      0      0      0   3201   1980      0      0 116721 116722      0      0      0      0     41     14 
    0    536     60     61     89     66      0      0      0      0   3201   1980      0      0 116721 116722      0      0      0      0     41     15 
    0    533     60     61     89     67      0      0      0      0   3201   1980      0      0 116721 116722      0      0      0      0     45     14 
    0    534     60     60     89     66      0      0      0      0   3201   1980      0      0 116721 116722      0      0      0      0     45     13 
    0    530     60     60     89     66      0      0      0      0   3201   1980      0      0 116721 116722      0      0      0      0     44     13 
    0    532     60     61     89     66      0      0      0      0   3201   1980      0      0 116721 116722      0      0      0      0     41     14 
    0    533     60     62     89     67      0      0      0      0   3201   1980      0      0 116721 116722      0      0      0      0     42     14 
    0    533     60     61     89     67      0      0      0      0   3201   1980      0      0 116721 116722      0      0      0      0     41     14 
    0    532     60     62     89     67      0      0      0      0   3201   1980      0      0 116721 116722      0      0      0      0     42     14 
    0    536     60     61     89     67      0      0      0      0   3201   1980      0      0 116721 116722      0      0      0      0     41     14 
    0    538     60     60     89     67      0      0      0      0   3201   1980      0      0 116721 116722      0      0      0      0     45     15 
    0    538     60     61     89     68      0      0      0      0   3201   1980      0      0 116721 116722      0      0      0      0     41     14 
    0    537     60     61     89     67      0      0      0      0   3201   1980      0      0 116721 116722      0      0      0      0     42     15 
    0    538     60     62     89     68      0      0      0      0   3201   1980      0      0 116721 116722      0      0      0      0     43     13 
    0    538     60     61     86     65      0      0      0      0   3201   1980      0      0 116721 116722      0      0      0      0     43     15 
    0    539     60     61     88     67      0      0      0      0   3201   1980      0      0 116721 116722      0      0      0      0     44     14 
    0    540     60     62     89     67      0      0      0      0   3201   1980      0      0 116721 116722      0      0      0      0     41     15 
    0    537     60     60     89     67      0      0      0      0   3201   1980      0      0 116721 116722      0      0      0      0     43     13 
    0    538     60     62     89     67      0      0      0      0   3201   1980      0      0 116721 116722      0      0      0      0     40     15 
    0    537     60     62     89     67      0      0      0      0   3201   1980      0      0 116721 116722      0      0      0      0     44     14 
    0    538     60     60     85     64      0      0      0      0   3201   1980      0      0 116721 116722      0      0      0      0     43     15 
    0    540     60     61     89     68      0      0      0      0   3201   1980      0      0 116721 116722      0      0      0      0     45     14 
    0    539     60     60     89     67      0      0      0      0   3201   1980      0      0 116721 116722      0      0      0      0     39     15 
    0    538     60     61     89     68      0      0      0      0   3201   1980      0      0 116721 116722      0      0      0      0     45     14 
    0    539     60     62     88     67      0      0      0      0   3201   1980      0      0 116721 116722      0      0      0      0     41     15 
    0    538     60     61     89     67      0      0      0      0   3201   1980      0      0 116721 116722      0      0      0      0     45     14 
    0    537     60     60     89     68      0      0      0      0   3201   1980      0      0 116721 116722      0      0      0      0     41     15 
    0    534     60     61     89     66      0      0      0      0   3201   1980      0      0 116721 116722      0      0      0      0     41     13 
    0    539     60     60     89     67      0      0      0      0   3201   1980      0      0 116721 116722      0      0      0      0     44     15 
    0    538     60     62     89     68      0      0      0      0   3201   1980      0      0 116721 116722      0      0      0      0     41     14 
    0    541     60     62     89     67      0      0      0      0   3201   1980      0      0 116721 116722      0      0      0      0     44     15 
    0    538     60     61     89     68      0      0      0      0   3201   1980      0      0 116721 116722      0      0      0      0     42     14 
    0    539     60     61     89     68      0      0      0      0   3201   1980      0      0 116721 116722      0      0      0      0     43     15 
    0    541     60     62     88     67      0      0      0      0   3201   1980      0      0 116721 116722      0      0      0      0     41     14 
    0    539     60     62     89     67      0      0      0      0   3201   1980      0      0 116721 116722      0      0      0      0     43     15 
    0    537     60     61     89     68      0      0      0      0   3201   1980      0      0 116721 116722      0      0      0      0     41     14 
# gpu    pwr  gtemp  mtemp     sm    mem    enc    dec    jpg    ofa   mclk   pclk  pviol  tviol     fb   bar1   ccpm  sbecc  dbecc    pci  rxpci  txpci 
# Idx      W      C      C      %      %      %      %      %      %    MHz    MHz      %   bool     MB     MB     MB   errs   errs   errs   MB/s   MB/s 
    0    532     60     61     89     67      0      0      0      0   3201   1980      0      0 116721 116722      0      0      0      0     43     15 
    0    535     60     61     87     66      0      0      0      0   3201   1980      0      0 116721 116722      0      0      0      0     43     14 
    0    539     60     62     89     68      0      0      0      0   3201   1980      0      0 116721 116722      0      0      0      0     45     15 
    0    534     60     62     89     68      0      0      0      0   3201   1980      0      0 116721 116722      0      0      0      0     42     13 
    0    540     60     61     89     68      0      0      0      0   3201   1980      0      0 116721 116722      0      0      0      0     41     15 
    0    536     60     61     89     68      0      0      0      0   3201   1980      0      0 116721 116722      0      0      0      0     42     14 
    0    538     60     61     89     67      0      0      0      0   3201   1980      0      0 116721 116722      0      0      0      0     39     15 
    0    538     60     60     89     68      0      0      0      0   3201   1980      0      0 116721 116722      0      0      0      0     41     14 
    0    536     60     62     89     68      0      0      0      0   3201   1980      0      0 116721 116722      0      0      0      0     43     15 
    0    540     60     60     88     67      0      0      0      0   3201   1980      0      0 116721 116722      0      0      0      0     41     14 
    0    537     60     62     89     67      0      0      0      0   3201   1980      0      0 116721 116722      0      0      0      0     39     15 
    0    536     60     62     89     67      0      0      0      0   3201   1980      0      0 116721 116722      0      0      0      0     41     14 
    0    535     60     60     89     67      0      0      0      0   3201   1980      0      0 116721 116722      0      0      0      0     42     15 
    0    539     60     62     89     68      0      0      0      0   3201   1980      0      0 116721 116722      0      0      0      0     43     14 
    0    535     60     62     89     68      0      0      0      0   3201   1980      0      0 116721 116722      0      0      0      0     41     15 
    0    538     60     61     89     67      0      0      0      0   3201   1980      0      0 116721 116722      0      0      0      0     44     14 
    0    539     60     62     89     68      0      0      0      0   3201   1980      0      0 116721 116722      0      0      0      0     44     15 
    0    539     60     62     89     68      0      0      0      0   3201   1980      0      0 116721 116722      0      0      0      0     45     14 
    0    538     60     62     89     68      0      0      0      0   3201   1980      0      0 116721 116722      0      0      0      0     45     15 
    0    537     60     62     89     68      0      0      0      0   3201   1980      0      0 116721 116722      0      0      0      0     42     14 
    0    536     60     61     89     68      0      0      0      0   3201   1980      0      0 116721 116722      0      0      0      0     45     15 
    0    538     60     61     88     67      0      0      0      0   3201   1980      0      0 116721 116722      0      0      0      0     41     14 
    0    539     60     61     88     67      0      0      0      0   3201   1980      0      0 116721 116722      0      0      0      0     43     15 
    0    537     60     61     89     68      0      0      0      0   3201   1980      0      0 116721 116722      0      0      0      0     42     13 
    0    539     60     60     88     67      0      0      0      0   3201   1980      0      0 116721 116722      0      0      0      0     44     15 
    0    536     60     61     89     67      0      0      0      0   3201   1980      0      0 116721 116722      0      0      0      0     41     14 
    0    536     60     61     89     68      0      0      0      0   3201   1980      0      0 116721 116722      0      0      0      0     43     15 
    0    538     60     61     89     67      0      0      0      0   3201   1980      0      0 116721 116722      0      0      0      0     41     14 
    0    538     60     60     89     68      0      0      0      0   3201   1980      0      0 116721 116722      0      0      0      0     44     15 
    0    539     60     61     88     67      0      0      0      0   3201   1980      0      0 116721 116722      0      0      0      0     41     14 
    0    538     60     61     89     67      0      0      0      0   3201   1980      0      0 116721 116722      0      0      0      0     44     15 
    0    538     60     62     85     64      0      0      0      0   3201   1980      0      0 116721 116722      0      0      0      0     41     14 
    0    538     60     61     89     67      0      0      0      0   3201   1980      0      0 116721 116722      0      0      0      0     41     15 
    0    538     60     60     88     67      0      0      0      0   3201   1980      0      0 116721 116722      0      0      0      0     46     14 
    0    538     60     62     89     68      0      0      0      0   3201   1980      0      0 116721 116722      0      0      0      0     41     14 
    0    536     60     61     89     67      0      0      0      0   3201   1980      0      0 116721 116722      0      0      0      0     42     14 
    0    538     60     61     89     67      0      0      0      0   3201   1980      0      0 116721 116722      0      0      0      0     41     14 
    0    538     59     61     89     67      0      0      0      0   3201   1980      0      0 116721 116722      0      0      0      0     45     13 
    0    538     60     62     89     68      0      0      0      0   3201   1980      0      0 116721 116722      0      0      0      0     41     14 
    0    539     60     61     89     68      0      0      0      0   3201   1980      0      0 116721 116722      0      0      0      0     43     13 
    0    536     60     62     89     68      0      0      0      0   3201   1980      0      0 116721 116722      0      0      0      0     44     14 
    0    538     60     61     89     67      0      0      0      0   3201   1980      0      0 116721 116722      0      0      0      0     43     14 
    0    538     60     62     88     67      0      0      0      0   3201   1980      0      0 116721 116722      0      0      0      0     45     14 
    0    535     60     61     89     67      0      0      0      0   3201   1980      0      0 116721 116722      0      0      0      0     43     14 
# gpu    pwr  gtemp  mtemp     sm    mem    enc    dec    jpg    ofa   mclk   pclk  pviol  tviol     fb   bar1   ccpm  sbecc  dbecc    pci  rxpci  txpci 
# Idx      W      C      C      %      %      %      %      %      %    MHz    MHz      %   bool     MB     MB     MB   errs   errs   errs   MB/s   MB/s 
    0    538     60     62     89     68      0      0      0      0   3201   1980      0      0 116721 116722      0      0      0      0     43     14 
    0    539     60     62     89     68      0      0      0      0   3201   1980      0      0 116721 116722      0      0      0      0     43     13 
    0    536     60     60     89     68      0      0      0      0   3201   1980      0      0 116721 116722      0      0      0      0     41     14 
    0    537     60     60     89     68      0      0      0      0   3201   1980      0      0 116721 116722      0      0      0      0     45     14 
    0    538     60     62     88     67      0      0      0      0   3201   1980      0      0 116721 116722      0      0      0      0     41     14 
    0    539     60     62     88     67      0      0      0      0   3201   1980      0      0 116721 116722      0      0      0      0     42     14 
    0    537     60     62     89     68      0      0      0      0   3201   1980      0      0 116721 116722      0      0      0      0     41     14 
    0    539     60     62     89     67      0      0      0      0   3201   1980      0      0 116721 116722      0      0      0      0     43     14 
    0    537     60     60     89     67      0      0      0      0   3201   1980      0      0 116721 116722      0      0      0      0     44     14 
    0    537     60     62     89     67      0      0      0      0   3201   1980      0      0 116721 116722      0      0      0      0     44     14 
    0    538     59     62     89     67      0      0      0      0   3201   1980      0      0 116721 116722      0      0      0      0     41     14 
    0    539     60     61     89     68      0      0      0      0   3201   1980      0      0 116721 116722      0      0      0      0     42     14 
    0    536     60     61     89     67      0      0      0      0   3201   1980      0      0 116721 116722      0      0      0      0     42     13 
    0    540     60     62     89     67      0      0      0      0   3201   1980      0      0 116721 116722      0      0      0      0     44     14 
    0    537     60     60     88     67      0      0      0      0   3201   1980      0      0 116721 116722      0      0      0      0     45     14 
    0    538     60     62     89     67      0      0      0      0   3201   1980      0      0 116721 116722      0      0      0      0     41     14 
    0    537     60     61     88     67      0      0      0      0   3201   1980      0      0 116721 116722      0      0      0      0     45     14 
    0    539     60     60     89     67      0      0      0      0   3201   1980      0      0 116721 116722      0      0      0      0     45     14 
    0    538     60     61     89     68      0      0      0      0   3201   1980      0      0 116721 116722      0      0      0      0     41     14 
    0    538     60     62     89     68      0      0      0      0   3201   1980      0      0 116721 116722      0      0      0      0     44     14 
    0    537     60     60     89     67      0      0      0      0   3201   1980      0      0 116721 116722      0      0      0      0     41     14 
    0    537     60     61     89     67      0      0      0      0   3201   1980      0      0 116721 116722      0      0      0      0     42     14 
    0    538     59     60     89     68      0      0      0      0   3201   1980      0      0 116721 116722      0      0      0      0     41     14 
    0    535     60     60     88     67      0      0      0      0   3201   1980      0      0 116721 116722      0      0      0      0     42     14 
    0    538     60     62     89     68      0      0      0      0   3201   1980      0      0 116721 116722      0      0      0      0     43     14 
    0    538     60     62     89     68      0      0      0      0   3201   1980      0      0 116721 116722      0      0      0      0     83     14 
    0    537     60     62     89     67      0      0      0      0   3201   1980      0      0 116721 116722      0      0      0      0     43     14 
    0    539     59     60     89     68      0      0      0      0   3201   1980      0      0 116721 116722      0      0      0      0     44     14 
    0    536     60     60     89     68      0      0      0      0   3201   1980      0      0 116721 116722      0      0      0      0     43     13 
    0    540     60     62     88     67      0      0      0      0   3201   1980      0      0 116721 116722      0      0      0      0     45     13 
    0    536     59     61     89     68      0      0      0      0   3201   1980      0      0 116721 116722      0      0      0      0     41     14 
    0    537     60     62     86     64      0      0      0      0   3201   1980      0      0 116721 116722      0      0      0      0     46     14 
    0    538     60     62     89     68      0      0      0      0   3201   1980      0      0 116721 116722      0      0      0      0     43     14 
    0    537     60     62     89     68      0      0      0      0   3201   1980      0      0 116721 116722      0      0      0      0     40     14 
    0    535     60     61     89     68      0      0      0      0   3201   1980      0      0 116721 116722      0      0      0      0     41     14 
    0    538     60     61     89     67      0      0      0      0   3201   1980      0      0 116721 116722      0      0      0      0     41     14 
    0    539     60     62     88     67      0      0      0      0   3201   1980      0      0 116721 116722      0      0      0      0     45     14 
    0    537     60     61     85     64      0      0      0      0   3201   1980      0      0 116721 116722      0      0      0      0     42     14 
    0    540     59     62     88     67      0      0      0      0   3201   1980      0      0 116721 116722      0      0      0      0     45     14 
    0    539     60     62     89     67      0      0      0      0   3201   1980      0      0 116721 116722      0      0      0      0     42     14 
    0    535     59     61     89     67      0      0      0      0   3201   1980      0      0 116721 116722      0      0      0      0     44     14 
    0    538     60     61     89     67      0      0      0      0   3201   1980      0      0 116721 116722      0      0      0      0     41     14 
    0    538     60     60     89     67      0      0      0      0   3201   1980      0      0 116721 116722      0      0      0      0     41     14 
    0    535     59     62     89     68      0      0      0      0   3201   1980      0      0 116721 116722      0      0      0      0     47     14 
# gpu    pwr  gtemp  mtemp     sm    mem    enc    dec    jpg    ofa   mclk   pclk  pviol  tviol     fb   bar1   ccpm  sbecc  dbecc    pci  rxpci  txpci 
# Idx      W      C      C      %      %      %      %      %      %    MHz    MHz      %   bool     MB     MB     MB   errs   errs   errs   MB/s   MB/s 
    0    537     59     60     87     66      0      0      0      0   3201   1980      0      0 116721 116722      0      0      0      0     41     14 
    0    537     60     60     89     68      0      0      0      0   3201   1980      0      0 116721 116722      0      0      0      0     43     14 
    0    536     59     61     89     68      0      0      0      0   3201   1980      0      0 116721 116722      0      0      0      0     41     14 
    0    537     59     60     89     67      0      0      0      0   3201   1980      0      0 116721 116722      0      0      0      0     42     14 
    0    538     59     60     89     67      0      0      0      0   3201   1980      0      0 116721 116722      0      0      0      0     41     14 
    0    538     59     62     89     67      0      0      0      0   3201   1980      0      0 116721 116722      0      0      0      0     41     15 
    0    536     59     60     89     67      0      0      0      0   3201   1980      0      0 116721 116722      0      0      0      0     44     14 
    0    538     59     62     88     67      0      0      0      0   3201   1980      0      0 116721 116722      0      0      0      0     42     15 
    0    539     59     62     89     68      0      0      0      0   3201   1980      0      0 116721 116722      0      0      0      0     44     14 
    0    539     59     61     89     67      0      0      0      0   3201   1980      0      0 116721 116722      0      0      0      0     44     15 
    0    539     59     62     89     67      0      0      0      0   3201   1980      0      0 116721 116722      0      0      0      0     45     14 
    0    536     59     61     89     68      0      0      0      0   3201   1980      0      0 116721 116722      0      0      0      0     45     15 
    0    536     59     62     89     67      0      0      0      0   3201   1980      0      0 116721 116722      0      0      0      0     41     14 
    0    539     59     62     89     67      0      0      0      0   3201   1980      0      0 116721 116722      0      0      0      0     43     15 
    0    534     59     61     89     68      0      0      0      0   3201   1980      0      0 116721 116722      0      0      0      0     41     14 
    0    534     59     61     89     68      0      0      0      0   3201   1980      0      0 116721 116722      0      0      0      0     44     15 
    0    537     59     62     89     68      0      0      0      0   3201   1980      0      0 116721 116722      0      0      0      0     45     14 
    0    535     59     62     89     68      0      0      0      0   3201   1980      0      0 116721 116722      0      0      0      0     41     15 
    0    538     59     61     89     67      0      0      0      0   3201   1980      0      0 116721 116722      0      0      0      0     44     14 
    0    540     59     62     88     67      0      0      0      0   3201   1980      0      0 116721 116722      0      0      0      0     42     15 
    0    538     59     60     89     68      0      0      0      0   3201   1980      0      0 116721 116722      0      0      0      0     45     14 
    0    537     59     60     89     68      0      0      0      0   3201   1980      0      0 116721 116722      0      0      0      0     41     14 
    0    538     59     61     89     68      0      0      0      0   3201   1980      0      0 116721 116722      0      0      0      0     41     14 
    0    537     59     61     89     67      0      0      0      0   3201   1980      0      0 116721 116722      0      0      0      0     41     15 
    0    538     59     62     89     68      0      0      0      0   3201   1980      0      0 116721 116722      0      0      0      0     42     14 
    0    539     59     60     89     68      0      0      0      0   3201   1980      0      0 116721 116722      0      0      0      0     41     15 
    0    540     59     61     89     67      0      0      0      0   3201   1980      0      0 116721 116722      0      0      0      0     43     14 
    0    537     59     61     89     67      0      0      0      0   3201   1980      0      0 116721 116722      0      0      0      0     41     15 
    0    538     59     59     87     66      0      0      0      0   3201   1980      0      0 116721 116722      0      0      0      0     41     14 
    0    538     59     61     89     68      0      0      0      0   3201   1980      0      0 116721 116722      0      0      0      0     41     15 
    0    538     59     61     89     68      0      0      0      0   3201   1980      0      0 116721 116722      0      0      0      0     41     14 
    0    538     59     61     88     67      0      0      0      0   3201   1980      0      0 116721 116722      0      0      0      0     45     15 
    0    535     59     59     88     67      0      0      0      0   3201   1980      0      0 116721 116722      0      0      0      0     41     14 
    0    536     59     61     87     66      0      0      0      0   3201   1980      0      0 116721 116722      0      0      0      0     45     15 
    0    536     59     62     85     64      0      0      0      0   3201   1980      0      0 116721 116722      0      0      0      0     41     14 
    0    537     59     61     89     68      0      0      0      0   3201   1980      0      0 116721 116722      0      0      0      0     45     15 
    0    538     59     62     89     68      0      0      0      0   3201   1980      0      0 116721 116722      0      0      0      0     41     14 
    0    536     59     62     88     67      0      0      0      0   3201   1980      0      0 116721 116722      0      0      0      0     41     15 
    0    540     59     61     89     68      0      0      0      0   3201   1980      0      0 116721 116722      0      0      0      0     41     14 
    0    536     59     60     89     68      0      0      0      0   3201   1980      0      0 116721 116722      0      0      0      0     60     15 
    0    538     59     60     86     64      0      0      0      0   3201   1980      0      0 116721 116722      0      0      0      0     42     14 
    0    540     59     61     89     68      0      0      0      0   3201   1980      0      0 116721 116722      0      0      0      0     43     15 
    0    538     59     62     87     66      0      0      0      0   3201   1980      0      0 116721 116722      0      0      0      0     43     14 
    0    539     59     61     89     67      0      0      0      0   3201   1980      0      0 116721 116722      0      0      0      0     41     14 
# gpu    pwr  gtemp  mtemp     sm    mem    enc    dec    jpg    ofa   mclk   pclk  pviol  tviol     fb   bar1   ccpm  sbecc  dbecc    pci  rxpci  txpci 
# Idx      W      C      C      %      %      %      %      %      %    MHz    MHz      %   bool     MB     MB     MB   errs   errs   errs   MB/s   MB/s 
    0    538     59     61     89     67      0      0      0      0   3201   1980      0      0 116721 116722      0      0      0      0     44     14 
    0    538     59     61     88     67      0      0      0      0   3201   1980      0      0 116721 116722      0      0      0      0     43     15 
    0    536     59     60     89     68      0      0      0      0   3201   1980      0      0 116721 116722      0      0      0      0     43     13 
    0    536     59     61     89     67      0      0      0      0   3201   1980      0      0 116721 116722      0      0      0      0     43     15 
    0    537     59     61     87     66      0      0      0      0   3201   1980      0      0 116721 116722      0      0      0      0     41     14 
    0    537     59     61     89     67      0      0      0      0   3201   1980      0      0 116721 116722      0      0      0      0     45     15 
    0    536     59     62     89     68      0      0      0      0   3201   1980      0      0 116721 116722      0      0      0      0     41     14 
    0    538     59     61     89     67      0      0      0      0   3201   1980      0      0 116721 116722      0      0      0      0     45     15 
    0    538     59     62     89     67      0      0      0      0   3201   1980      0      0 116721 116722      0      0      0      0     41     14 
    0    538     59     62     88     67      0      0      0      0   3201   1980      0      0 116721 116722      0      0      0      0     43     15 
    0    535     59     61     88     67      0      0      0      0   3201   1980      0      0 116721 116722      0      0      0      0     42     14 
    0    537     59     62     89     68      0      0      0      0   3201   1980      0      0 116721 116722      0      0      0      0     45     15 
    0    535     59     61     88     67      0      0      0      0   3201   1980      0      0 116721 116722      0      0      0      0     41     14 
    0    538     59     61     88     67      0      0      0      0   3201   1980      0      0 116721 116722      0      0      0      0     45     15 
    0    537     59     60     89     68      0      0      0      0   3201   1980      0      0 116721 116722      0      0      0      0     41     14 
    0    537     59     61     88     67      0      0      0      0   3201   1980      0      0 116721 116722      0      0      0      0     45     15 
    0    537     59     61     89     68      0      0      0      0   3201   1980      0      0 116721 116722      0      0      0      0     42     14 
    0    536     59     61     87     67      0      0      0      0   3201   1980      0      0 116721 116722      0      0      0      0     43     15 
    0    538     59     62     88     67      0      0      0      0   3201   1980      0      0 116721 116722      0      0      0      0     42     14 
    0    538     59     60     88     67      0      0      0      0   3201   1980      0      0 116721 116722      0      0      0      0     42     15 
    0    536     59     62     88     67      0      0      0      0   3201   1980      0      0 116721 116722      0      0      0      0     43     14 
    0    538     59     60     89     68      0      0      0      0   3201   1980      0      0 116721 116722      0      0      0      0     41     15 
    0    535     59     60     89     68      0      0      0      0   3201   1980      0      0 116721 116722      0      0      0      0     41     14 
    0    535     59     61     88     67      0      0      0      0   3201   1980      0      0 116721 116722      0      0      0      0     43     14 
    0    537     59     61     88     67      0      0      0      0   3201   1980      0      0 116721 116722      0      0      0      0     41     14 
    0    537     59     62     88     67      0      0      0      0   3201   1980      0      0 116721 116722      0      0      0      0     42     15 
    0    537     59     62     89     68      0      0      0      0   3201   1980      0      0 116721 116722      0      0      0      0     41     14 
    0    538     59     62     89     68      0      0      0      0   3201   1980      0      0 116721 116722      0      0      0      0     43     16 
    0    537     59     62     89     68      0      0      0      0   3201   1980      0      0 116721 116722      0      0      0      0     41     14 
    0    538     59     60     88     67      0      0      0      0   3201   1980      0      0 116721 116722      0      0      0      0     45     14 
    0    540     59     60     88     67      0      0      0      0   3201   1980      0      0 116721 116722      0      0      0      0     42     14 
    0    539     59     60     89     68      0      0      0      0   3201   1980      0      0 116721 116722      0      0      0      0     43     13 
    0    536     59     61     88     67      0      0      0      0   3201   1980      0      0 116721 116722      0      0      0      0     41     14 
    0    536     59     62     89     67      0      0      0      0   3201   1980      0      0 116721 116722      0      0      0      0     45     14 
    0    536     59     60     88     67      0      0      0      0   3201   1980      0      0 116721 116722      0      0      0      0     41     15 
    0    538     59     62     89     68      0      0      0      0   3201   1980      0      0 116721 116722      0      0      0      0     41     14 
    0    536     59     62     89     68      0      0      0      0   3201   1980      0      0 116721 116722      0      0      0      0     41     14 
    0    539     59     59     89     68      0      0      0      0   3201   1980      0      0 116721 116722      0      0      0      0     43     14 
    0    537     59     61     89     67      0      0      0      0   3201   1980      0      0 116721 116722      0      0      0      0     41     14 
    0    539     59     61     89     67      0      0      0      0   3201   1980      0      0 116721 116722      0      0      0      0     41     14 
    0    537     59     60     89     67      0      0      0      0   3201   1980      0      0 116721 116722      0      0      0      0     44     14 
    0    539     59     61     89     68      0      0      0      0   3201   1980      0      0 116721 116722      0      0      0      0     41     14 
    0    538     59     61     89     68      0      0      0      0   3201   1980      0      0 116721 116722      0      0      0      0     45     14 
    0    537     59     61     85     64      0      0      0      0   3201   1980      0      0 116721 116722      0      0      0      0     41     14 
# gpu    pwr  gtemp  mtemp     sm    mem    enc    dec    jpg    ofa   mclk   pclk  pviol  tviol     fb   bar1   ccpm  sbecc  dbecc    pci  rxpci  txpci 
# Idx      W      C      C      %      %      %      %      %      %    MHz    MHz      %   bool     MB     MB     MB   errs   errs   errs   MB/s   MB/s 
    0    534     59     61     89     67      0      0      0      0   3201   1980      0      0 116721 116722      0      0      0      0     42     14 
    0    532     59     61     89     67      0      0      0      0   3201   1980      0      0 116721 116722      0      0      0      0     42     13 
    0    531     59     60     89     67      0      0      0      0   3201   1980      0      0 116721 116722      0      0      0      0     39     13 
    0    532     59     61     88     66      0      0      0      0   3201   1980      0      0 116721 116722      0      0      0      0     43     13 
    0    531     59     60     89     67      0      0      0      0   3201   1980      0      0 116721 116722      0      0      0      0     41     14 
    0    531     59     61     89     67      0      0      0      0   3201   1980      0      0 116721 116722      0      0      0      0     41     14 
    0    531     59     62     89     67      0      0      0      0   3201   1980      0      0 116721 116722      0      0      0      0     43     13 
    0    531     59     60     89     67      0      0      0      0   3201   1980      0      0 116721 116722      0      0      0      0     41     14 
    0    531     59     60     86     64      0      0      0      0   3201   1980      0      0 116721 116722      0      0      0      0     41     14 
    0    532     59     61     89     67      0      0      0      0   3201   1980      0      0 116721 116722      0      0      0      0     41     14 
    0    533     59     60     89     67      0      0      0      0   3201   1980      0      0 116721 116722      0      0      0      0     45     14 
    0    534     59     60     88     67      0      0      0      0   3201   1980      0      0 116721 116722      0      0      0      0     41     14 
    0    538     59     62     89     68      0      0      0      0   3201   1980      0      0 116721 116722      0      0      0      0     42     14 
    0    537     59     61     89     68      0      0      0      0   3201   1980      0      0 116721 116722      0      0      0      0     43     14 
    0    537     59     62     85     64      0      0      0      0   3201   1980      0      0 116721 116722      0      0      0      0     45     14 
    0    536     59     60     88     67      0      0      0      0   3201   1980      0      0 116721 116722      0      0      0      0     41     13 
    0    538     59     62     89     68      0      0      0      0   3201   1980      0      0 116721 116722      0      0      0      0     43     14 
    0    538     59     61     89     68      0      0      0      0   3201   1980      0      0 116721 116722      0      0      0      0     43     13 
    0    538     59     61     89     67      0      0      0      0   3201   1980      0      0 116721 116722      0      0      0      0     41     14 
    0    538     59     62     89     68      0      0      0      0   3201   1980      0      0 116721 116722      0      0      0      0     42     13 
    0    538     59     61     89     68      0      0      0      0   3201   1980      0      0 116721 116722      0      0      0      0     40     14 
    0    535     59     60     88     67      0      0      0      0   3201   1980      0      0 116721 116722      0      0      0      0     44     14 
    0    538     59     61     89     67      0      0      0      0   3201   1980      0      0 116721 116722      0      0      0      0     44     14 
    0    536     59     61     89     68      0      0      0      0   3201   1980      0      0 116721 116722      0      0      0      0     44     14 
    0    539     59     60     89     67      0      0      0      0   3201   1980      0      0 116721 116722      0      0      0      0     42     14 
    0    539     59     60     89     67      0      0      0      0   3201   1980      0      0 116721 116722      0      0      0      0     45     14 
    0    538     59     61     89     67      0      0      0      0   3201   1980      0      0 116721 116722      0      0      0      0     42     13 
    0    534     59     60     89     67      0      0      0      0   3201   1980      0      0 116721 116722      0      0      0      0     41     13 
    0    532     59     60     89     67      0      0      0      0   3201   1980      0      0 116721 116722      0      0      0      0     44     13 
    0    533     59     61     89     67      0      0      0      0   3201   1980      0      0 116721 116722      0      0      0      0     44     13 
    0    532     59     60     89     66      0      0      0      0   3201   1980      0      0 116721 116722      0      0      0      0     41     14 
    0    533     59     62     89     66      0      0      0      0   3201   1980      0      0 116721 116722      0      0      0      0     44     14 
    0    532     59     61     89     67      0      0      0      0   3201   1980      0      0 116721 116722      0      0      0      0     41     14 
    0    532     59     60     89     67      0      0      0      0   3201   1980      0      0 116721 116722      0      0      0      0     43     14 
    0    533     59     61     89     66      0      0      0      0   3201   1980      0      0 116721 116722      0      0      0      0     41     14 
    0    537     59     62     89     67      0      0      0      0   3201   1980      0      0 116721 116722      0      0      0      0     42     14 
    0    535     59     62     89     67      0      0      0      0   3201   1980      0      0 116721 116722      0      0      0      0     42     13 
    0    537     59     62     88     67      0      0      0      0   3201   1980      0      0 116721 116722      0      0      0      0     45     14 
    0    539     59     60     89     67      0      0      0      0   3201   1980      0      0 116721 116722      0      0      0      0     42     13 
    0    537     59     61     89     68      0      0      0      0   3201   1980      0      0 116721 116722      0      0      0      0     44     14 
    0    538     59     62     89     68      0      0      0      0   3201   1980      0      0 116721 116722      0      0      0      0     45     14 
    0    534     59     60     88     67      0      0      0      0   3201   1980      0      0 116721 116722      0      0      0      0     43     14 
    0    537     59     60     88     67      0      0      0      0   3201   1980      0      0 116721 116722      0      0      0      0     41     14 
    0    539     59     61     88     67      0      0      0      0   3201   1980      0      0 116721 116722      0      0      0      0     41     14 
# gpu    pwr  gtemp  mtemp     sm    mem    enc    dec    jpg    ofa   mclk   pclk  pviol  tviol     fb   bar1   ccpm  sbecc  dbecc    pci  rxpci  txpci 
# Idx      W      C      C      %      %      %      %      %      %    MHz    MHz      %   bool     MB     MB     MB   errs   errs   errs   MB/s   MB/s 
    0    534     59     62     88     67      0      0      0      0   3201   1980      0      0 116721 116722      0      0      0      0     45     14 
    0    539     59     61     89     68      0      0      0      0   3201   1980      0      0 116721 116722      0      0      0      0     41     14 
    0    537     59     61     89     68      0      0      0      0   3201   1980      0      0 116721 116722      0      0      0      0     41     14 
    0    536     59     60     89     67      0      0      0      0   3201   1980      0      0 116721 116722      0      0      0      0     42     14 
    0    538     59     62     88     67      0      0      0      0   3201   1980      0      0 116721 116722      0      0      0      0     41     14 
    0    538     59     61     88     67      0      0      0      0   3201   1980      0      0 116721 116722      0      0      0      0     41     14 
    0    535     59     62     88     67      0      0      0      0   3201   1980      0      0 116721 116722      0      0      0      0     45     14 
    0    532     59     62     89     67      0      0      0      0   3201   1980      0      0 116721 116722      0      0      0      0     41     14 
    0    534     59     61     89     66      0      0      0      0   3201   1980      0      0 116721 116722      0      0      0      0     44     13 
    0    533     59     60     89     67      0      0      0      0   3201   1980      0      0 116721 116722      0      0      0      0     43     14 
    0    537     59     61     88     67      0      0      0      0   3201   1980      0      0 116721 116722      0      0      0      0     42     14 
    0    536     59     60     88     67      0      0      0      0   3201   1980      0      0 116721 116722      0      0      0      0     41     14 
    0    536     59     62     88     67      0      0      0      0   3201   1980      0      0 116721 116722      0      0      0      0     44     14 
    0    537     59     61     88     67      0      0      0      0   3201   1980      0      0 116721 116722      0      0      0      0     45     14 
    0    537     59     61     88     67      0      0      0      0   3201   1980      0      0 116721 116722      0      0      0      0     45     16 
    0    538     59     61     88     67      0      0      0      0   3201   1980      0      0 116721 116722      0      0      0      0     41     14 
    0    536     59     60     88     67      0      0      0      0   3201   1980      0      0 116721 116722      0      0      0      0     41     14 
    0    538     59     62     88     67      0      0      0      0   3201   1980      0      0 116721 116722      0      0      0      0     43     14 
    0    535     59     60     88     67      0      0      0      0   3201   1980      0      0 116721 116722      0      0      0      0     42     14 
    0    536     59     61     88     67      0      0      0      0   3201   1980      0      0 116721 116722      0      0      0      0     42     14 
    0    539     59     62     89     68      0      0      0      0   3201   1980      0      0 116721 116722      0      0      0      0     42     15 
    0    537     59     62     88     67      0      0      0      0   3201   1980      0      0 116721 116722      0      0      0      0     44     14 
    0    536     59     61     88     67      0      0      0      0   3201   1980      0      0 116721 116722      0      0      0      0     44     15 
    0    535     60     60     86     64      0      0      0      0   3201   1980      0      0 116721 116722      0      0      0      0     45     14 
    0    539     59     61     88     67      0      0      0      0   3201   1980      0      0 116721 116722      0      0      0      0     41     15 
    0    538     60     62     88     67      0      0      0      0   3201   1980      0      0 116721 116722      0      0      0      0     43     14 
    0    538     60     60     89     68      0      0      0      0   3201   1980      0      0 116721 116722      0      0      0      0     42     15 
    0    539     60     61     88     67      0      0      0      0   3201   1980      0      0 116721 116722      0      0      0      0     41     14 
    0    538     60     60     89     68      0      0      0      0   3201   1980      0      0 116721 116722      0      0      0      0     45     15 
    0    536     59     61     85     63      0      0      0      0   3201   1980      0      0 116721 116722      0      0      0      0     41     14 
    0    540     60     60     89     68      0      0      0      0   3201   1980      0      0 116721 116722      0      0      0      0     45     15 
    0    538     60     61     88     67      0      0      0      0   3201   1980      0      0 116721 116722      0      0      0      0     41     14 
    0    538     60     61     89     67      0      0      0      0   3201   1980      0      0 116721 116722      0      0      0      0     44     15 
    0    540     59     62     89     68      0      0      0      0   3201   1980      0      0 116721 116722      0      0      0      0     41     14 
    0    538     60     61     89     68      0      0      0      0   3201   1980      0      0 116721 116722      0      0      0      0     41     15 
    0    537     60     62     89     68      0      0      0      0   3201   1980      0      0 116721 116722      0      0      0      0     45     14 
    0    539     59     62     88     67      0      0      0      0   3201   1980      0      0 116721 116722      0      0      0      0     41     15 
    0    537     59     61     88     67      0      0      0      0   3201   1980      0      0 116721 116722      0      0      0      0     44     14 
    0    535     59     62     89     67      0      0      0      0   3201   1980      0      0 116721 116722      0      0      0      0     43     15 
    0    539     59     62     89     68      0      0      0      0   3201   1980      0      0 116721 116722      0      0      0      0     44     14 
    0    538     59     62     89     68      0      0      0      0   3201   1980      0      0 116721 116722      0      0      0      0     45     15 
    0    536     59     62     89     68      0      0      0      0   3201   1980      0      0 116721 116722      0      0      0      0     41     14 
    0    536     59     61     89     68      0      0      0      0   3201   1980      0      0 116721 116722      0      0      0      0     44     15 
    0    537     59     62     89     68      0      0      0      0   3201   1980      0      0 116721 116722      0      0      0      0     43     13 
# gpu    pwr  gtemp  mtemp     sm    mem    enc    dec    jpg    ofa   mclk   pclk  pviol  tviol     fb   bar1   ccpm  sbecc  dbecc    pci  rxpci  txpci 
# Idx      W      C      C      %      %      %      %      %      %    MHz    MHz      %   bool     MB     MB     MB   errs   errs   errs   MB/s   MB/s 
    0    538     59     60     89     68      0      0      0      0   3201   1980      0      0 116721 116722      0      0      0      0     41     15 
    0    537     59     61     88     67      0      0      0      0   3201   1980      0      0 116721 116722      0      0      0      0     44     14 
    0    537     59     61     89     68      0      0      0      0   3201   1980      0      0 116721 116722      0      0      0      0     44     15 
    0    535     59     61     88     67      0      0      0      0   3201   1980      0      0 116721 116722      0      0      0      0     41     14 
    0    537     59     61     89     68      0      0      0      0   3201   1980      0      0 116721 116722      0      0      0      0     44     15 
    0    538     59     61     89     68      0      0      0      0   3201   1980      0      0 116721 116722      0      0      0      0     41     14 
    0    537     60     62     89     68      0      0      0      0   3201   1980      0      0 116721 116722      0      0      0      0     45     15 
    0    537     60     60     89     67      0      0      0      0   3201   1980      0      0 116721 116722      0      0      0      0     41     14 
    0    537     59     61     89     68      0      0      0      0   3201   1980      0      0 116721 116722      0      0      0      0     45     15 
    0    540     59     62     88     67      0      0      0      0   3201   1980      0      0 116721 116722      0      0      0      0     45     14 
    0    539     59     62     89     68      0      0      0      0   3201   1980      0      0 116721 116722      0      0      0      0     43     15 
    0    542     59     60     88     67      0      0      0      0   3201   1980      0      0 116721 116722      0      0      0      0     43     14 
    0    537     59     62     89     68      0      0      0      0   3201   1980      0      0 116721 116722      0      0      0      0     45     15 
    0    534     60     61     89     67      0      0      0      0   3201   1980      0      0 116721 116722      0      0      0      0     42     13 
    0    537     60     61     89     67      0      0      0      0   3201   1980      0      0 116721 116722      0      0      0      0     44     15 
    0    538     59     61     89     68      0      0      0      0   3201   1980      0      0 116721 116722      0      0      0      0     43     14 
    0    536     59     61     89     67      0      0      0      0   3201   1980      0      0 116721 116722      0      0      0      0     43     15 
    0    527     59     61     89     67      0      0      0      0   3201   1980      0      0 116721 116722      0      0      0      0     41     14 
    0    534     59     61     89     68      0      0      0      0   3201   1980      0      0 116721 116722      0      0      0      0     41     15 
    0    534     59     62     89     68      0      0      0      0   3201   1980      0      0 116721 116722      0      0      0      0     45     14 
    0    541     59     60     88     67      0      0      0      0   3201   1980      0      0 116721 116722      0      0      0      0     42     15 
    0    536     59     61     89     68      0      0      0      0   3201   1980      0      0 116721 116722      0      0      0      0     41     14 
    0    536     59     60     89     68      0      0      0      0   3201   1980      0      0 116721 116722      0      0      0      0     41     15 
    0    539     59     62     89     67      0      0      0      0   3201   1980      0      0 116721 116722      0      0      0      0     45     14 
    0    536     59     60     88     67      0      0      0      0   3201   1980      0      0 116721 116722      0      0      0      0     41     15 
    0    538     60     62     88     67      0      0      0      0   3201   1980      0      0 116721 116722      0      0      0      0     41     14 
    0    541     60     61     89     68      0      0      0      0   3201   1980      0      0 116721 116722      0      0      0      0     52     15 
    0    541     59     62     89     68      0      0      0      0   3201   1980      0      0 116721 116722      0      0      0      0     41     14 
    0    536     60     62     88     67      0      0      0      0   3201   1980      0      0 116721 116722      0      0      0      0     41     15 
    0    532     59     60     88     67      0      0      0      0   3201   1980      0      0 116721 116722      0      0      0      0     41     14 
    0    537     59     61     89     68      0      0      0      0   3201   1980      0      0 116721 116722      0      0      0      0     41     15 
    0    533     59     62     89     68      0      0      0      0   3201   1980      0      0 116721 116722      0      0      0      0     45     14 
    0    533     60     61     89     67      0      0      0      0   3201   1980      0      0 116721 116722      0      0      0      0     43     15 
    0    538     60     60     88     67      0      0      0      0   3201   1980      0      0 116721 116722      0      0      0      0     41     14 
    0    537     60     62     89     68      0      0      0      0   3201   1980      0      0 116721 116722      0      0      0      0     45     15 
    0    535     60     61     85     64      0      0      0      0   3201   1980      0      0 116721 116722      0      0      0      0     41     14 
    0    536     59     62     89     68      0      0      0      0   3201   1980      0      0 116721 116722      0      0      0      0     43     15 
    0    538     60     61     89     68      0      0      0      0   3201   1980      0      0 116721 116722      0      0      0      0     41     14 
    0    538     60     61     89     68      0      0      0      0   3201   1980      0      0 116721 116722      0      0      0      0     45     15 
    0    539     60     60     89     67      0      0      0      0   3201   1980      0      0 116721 116722      0      0      0      0     41     14 
    0    538     60     61     88     67      0      0      0      0   3201   1980      0      0 116721 116722      0      0      0      0     43     15 
    0    537     60     61     87     65      0      0      0      0   3201   1980      0      0 116721 116722      0      0      0      0     43     14 
    0    535     60     62     89     68      0      0      0      0   3201   1980      0      0 116721 116722      0      0      0      0     43     14 
    0    536     60     61     89     68      0      0      0      0   3201   1980      0      0 116721 116722      0      0      0      0     45     14 
# gpu    pwr  gtemp  mtemp     sm    mem    enc    dec    jpg    ofa   mclk   pclk  pviol  tviol     fb   bar1   ccpm  sbecc  dbecc    pci  rxpci  txpci 
# Idx      W      C      C      %      %      %      %      %      %    MHz    MHz      %   bool     MB     MB     MB   errs   errs   errs   MB/s   MB/s 
    0    534     60     62     88     67      0      0      0      0   3201   1980      0      0 116721 116722      0      0      0      0     43     13 
    0    537     59     60     89     67      0      0      0      0   3201   1980      0      0 116721 116722      0      0      0      0     41     13 
    0    530     59     61     88     66      0      0      0      0   3201   1980      0      0 116721 116722      0      0      0      0     43     13 
    0    531     59     61     89     67      0      0      0      0   3201   1980      0      0 116721 116722      0      0      0      0     41     14 
    0    534     59     61     88     67      0      0      0      0   3201   1980      0      0 116721 116722      0      0      0      0     41     14 
    0    536     60     61     89     68      0      0      0      0   3201   1980      0      0 116721 116722      0      0      0      0     41     14 
    0    536     60     61     89     68      0      0      0      0   3201   1980      0      0 116721 116722      0      0      0      0     43     14 
    0    537     60     61     89     68      0      0      0      0   3201   1980      0      0 116721 116722      0      0      0      0     45     14 
    0    539     60     61     89     68      0      0      0      0   3201   1980      0      0 116721 116722      0      0      0      0     43     14 
    0    535     60     60     88     67      0      0      0      0   3201   1980      0      0 116721 116722      0      0      0      0     45     14 
    0    537     60     61     88     67      0      0      0      0   3201   1980      0      0 116721 116722      0      0      0      0     42     14 
    0    536     59     62     88     67      0      0      0      0   3201   1980      0      0 116721 116722      0      0      0      0     42     14 
    0    537     60     61     88     67      0      0      0      0   3201   1980      0      0 116721 116722      0      0      0      0     44     14 
    0    538     60     60     89     68      0      0      0      0   3201   1980      0      0 116721 116722      0      0      0      0     41     13 
    0    538     60     61     89     68      0      0      0      0   3201   1980      0      0 116721 116722      0      0      0      0     41     14 
    0    537     60     61     89     68      0      0      0      0   3201   1980      0      0 116721 116722      0      0      0      0     41     14 
    0    536     60     62     89     67      0      0      0      0   3201   1980      0      0 116721 116722      0      0      0      0     45     14 
    0    539     60     61     88     67      0      0      0      0   3201   1980      0      0 116721 116722      0      0      0      0     42     14 
    0    537     59     61     89     68      0      0      0      0   3201   1980      0      0 116721 116722      0      0      0      0     44     14 
    0    538     60     61     89     68      0      0      0      0   3201   1980      0      0 116721 116722      0      0      0      0     59     14 
    0    539     60     62     89     67      0      0      0      0   3201   1980      0      0 116721 116722      0      0      0      0     41     14 
    0    539     59     61     89     68      0      0      0      0   3201   1980      0      0 116721 116722      0      0      0      0     43     14 
    0    539     60     61     89     68      0      0      0      0   3201   1980      0      0 116721 116722      0      0      0      0     41     14 
    0    508     59     60     88     67      0      0      0      0   3201   1980      0      0 116721 116722      0      0      0      0     43     14 
    0    507     59     61     88     67      0      0      0      0   3201   1980      0      0 116721 116722      0      0      0      0     41     13 
    0    536     59     62     89     66      0      0      0      0   3201   1980      0      0 116721 116722      0      0      0      0     41     14 
    0    532     59     60     89     67      0      0      0      0   3201   1980      0      0 116721 116722      0      0      0      0     41     14 
    0    535     59     61     89     68      0      0      0      0   3201   1980      0      0 116721 116722      0      0      0      0     41     14 
    0    535     59     60     89     68      0      0      0      0   3201   1980      0      0 116721 116722      0      0      0      0     43     13 
    0    538     59     62     89     68      0      0      0      0   3201   1980      0      0 116721 116722      0      0      0      0     44     14 
    0    538     59     61     89     68      0      0      0      0   3201   1980      0      0 116721 116722      0      0      0      0     41     14 
    0    537     59     62     89     67      0      0      0      0   3201   1980      0      0 116721 116722      0      0      0      0     43     14 
    0    538     60     61     88     67      0      0      0      0   3201   1980      0      0 116721 116722      0      0      0      0     44     14 
    0    538     60     61     89     67      0      0      0      0   3201   1980      0      0 116721 116722      0      0      0      0     44     14 
    0    537     59     62     89     67      0      0      0      0   3201   1980      0      0 116721 116722      0      0      0      0     43     13 
    0    538     59     61     88     67      0      0      0      0   3201   1980      0      0 116721 116722      0      0      0      0     45     14 
    0    536     59     61     89     68      0      0      0      0   3201   1980      0      0 116721 116722      0      0      0      0     41     14 
    0    538     59     62     89     67      0      0      0      0   3201   1980      0      0 116721 116722      0      0      0      0     45     13 
    0    538     59     61     89     68      0      0      0      0   3201   1980      0      0 116721 116722      0      0      0      0     43     14 
    0    537     59     61     89     67      0      0      0      0   3201   1980      0      0 116721 116722      0      0      0      0     45     14 
    0    537     59     62     89     67      0      0      0      0   3201   1980      0      0 116721 116722      0      0      0      0     44     14 
    0    537     59     59     88     67      0      0      0      0   3201   1980      0      0 116721 116722      0      0      0      0     44     14 
    0    534     59     60     88     67      0      0      0      0   3201   1980      0      0 116721 116722      0      0      0      0     45     14 
    0    531     59     59     88     67      0      0      0      0   3201   1980      0      0 116721 116722      0      0      0      0     45     14 
# gpu    pwr  gtemp  mtemp     sm    mem    enc    dec    jpg    ofa   mclk   pclk  pviol  tviol     fb   bar1   ccpm  sbecc  dbecc    pci  rxpci  txpci 
# Idx      W      C      C      %      %      %      %      %      %    MHz    MHz      %   bool     MB     MB     MB   errs   errs   errs   MB/s   MB/s 
    0    442     55     52      0      0      0      0      0      0   3201   1980      0      0 116721 116722      0      0      0      0      0      0 
    0    151     52     49      0      0      0      0      0      0   3201   1980      0      0 116721 116722      0      0      0      0      0     11 
    0    469     57     59     88     67      0      0      0      0   3201   1980      0      0 116721 116722      0      0      0      0     43     13 
    0    533     58     60     88     67      0      0      0      0   3201   1980      0      0 116721 116722      0      0      0      0     11      0 
    0    493     58     60     89     68      0      0      0      0   3201   1980      0      0 116721 116722      0      0      0      0     41     14 
    0    398     53     51      0      0      0      0      0      0   3201   1980      0      0 116721 116722      0      0      0      0      0      0 
    0    147     51     48      0      0      0      0      0      0   3201   1980      0      0 116721 116722      0      0      0      0      0      0 
    0    146     50     47      0      0      0      0      0      0   3201   1980      0      0 116721 116722      0      0      0      0      0      0 
    0    147     50     47      0      0      0      0      0      0   3201   1980      0      0 116721 116722      0      0      0      0      0      0 
    0    409     56     58     89     67      0      0      0      0   3201   1980      0      0 116721 116722      0      0      0      0     42     13 
    0    528     57     57     88     67      0      0      0      0   3201   1980      0      0 116721 116722      0      0      0      0     41     14 
    0    530     57     58     88     67      0      0      0      0   3201   1980      0      0 116721 116722      0      0      0      0     41     14 
    0    198     50     47      0      0      0      0      0      0   3201   1980      0      0 116721 116722      0      0      0      0     26      5 
    0    475     56     58     89     68      0      0      0      0   3201   1980      0      0 116721 116722      0      0      0      0     45     15 
    0    529     57     58     89     68      0      0      0      0   3201   1980      0      0 116721 116722      0      0      0      0     44     14 
    0    529     57     60     89     68      0      0      0      0   3201   1980      0      0 116721 116722      0      0      0      0     43     16 
    0    529     57     58     88     66      0      0      0      0   3201   1980      0      0 116721 116722      0      0      0      0     44     13 
    0    509     57     59     89     67      0      0      0      0   3201   1980      0      0 116721 116722      0      0      0      0     45     14 
    0    530     57     59     89     68      0      0      0      0   3201   1980      0      0 116721 116722      0      0      0      0     43     16 
    0    531     57     59     88     67      0      0      0      0   3201   1980      0      0 116721 116722      0      0      0      0     45     14 
    0    531     57     58     88     67      0      0      0      0   3201   1980      0      0 116721 116722      0      0      0      0     42     14 
    0    377     56     57     89     68      0      0      0      0   3201   1980      0      0 116721 116722      0      0      0      0     45     14 
    0    526     57     59     87     66      0      0      0      0   3201   1980      0      0 116721 116722      0      0      0      0     44     13 
    0    531     57     59     88     67      0      0      0      0   3201   1980      0      0 116721 116722      0      0      0      0     41     14 
    0    531     57     59     89     68      0      0      0      0   3201   1980      0      0 116721 116722      0      0      0      0     41     14 
    0    532     57     58     89     68      0      0      0      0   3201   1980      0      0 116721 116722      0      0      0      0     46     14 
    0    531     57     60     89     67      0      0      0      0   3201   1980      0      0 116721 116722      0      0      0      0     41     14 
    0    531     58     59     89     67      0      0      0      0   3201   1980      0      0 116721 116722      0      0      0      0     42     14 
    0    531     58     60     89     68      0      0      0      0   3201   1980      0      0 116721 116722      0      0      0      0     43     14 
    0    529     58     59     89     68      0      0      0      0   3201   1980      0      0 116721 116722      0      0      0      0     42     14 
    0    531     58     59     89     68      0      0      0      0   3201   1980      0      0 116721 116722      0      0      0      0     41     14 
    0    530     58     60     89     68      0      0      0      0   3201   1980      0      0 116721 116722      0      0      0      0     45     14 
    0    533     58     60     89     67      0      0      0      0   3201   1980      0      0 116721 116722      0      0      0      0     43     14 
    0    537     58     60     89     67      0      0      0      0   3201   1980      0      0 116721 116722      0      0      0      0     42     14 
    0    533     58     61     89     67      0      0      0      0   3201   1980      0      0 116721 116722      0      0      0      0     45     14 
    0    535     58     60     89     68      0      0      0      0   3201   1980      0      0 116721 116722      0      0      0      0     42     14 
    0    535     58     61     89     68      0      0      0      0   3201   1980      0      0 116721 116722      0      0      0      0     41     14 
    0    202     51     49      0      0      0      0      0      0   3201   1980      0      0 116721 116722      0      0      0      0      0      0 
    0    145     50     47      0      0      0      0      0      0   3201   1980      0      0 116721 116722      0      0      0      0      0      0 
    0    145     50     47      0      0      0      0      0      0   3201   1980      0      0 116721 116722      0      0      0      0      0      0 
    0    144     49     46      0      0      0      0      0      0   3201   1980      0      0 116721 116722      0      0      0      0      0      0 
    0    143     49     46      0      0      0      0      0      0   3201   1980      0      0 116721 116722      0      0      0      0      0      1 
    0    143     48     45      0      0      0      0      0      0   3201   1980      0      0 116721 116722      0      0      0      0      0      0 
    0    143     48     45      0      0      0      0      0      0   3201   1980      0      0 116721 116722      0      0      0      0      0      1 
# gpu    pwr  gtemp  mtemp     sm    mem    enc    dec    jpg    ofa   mclk   pclk  pviol  tviol     fb   bar1   ccpm  sbecc  dbecc    pci  rxpci  txpci 
# Idx      W      C      C      %      %      %      %      %      %    MHz    MHz      %   bool     MB     MB     MB   errs   errs   errs   MB/s   MB/s 
    0    142     47     44      0      0      0      0      0      0   3201   1980      0      0 116721 116722      0      0      0      0      0      0 
    0    142     47     44      0      0      0      0      0      0   3201   1980      0      0 116721 116722      0      0      0      0      0      1 
    0    142     47     44      0      0      0      0      0      0   3201   1980      0      0 116721 116722      0      0      0      0      0      0 
    0    141     46     43      0      0      0      0      0      0   3201   1980      0      0 116721 116722      0      0      0      0      0      1 
    0    141     46     43      0      0      0      0      0      0   3201   1980      0      0 116721 116722      0      0      0      0      0      0 
    0    141     46     43      0      0      0      0      0      0   3201   1980      0      0 116721 116722      0      0      0      0      0      1 
    0    140     45     43      0      0      0      0      0      0   3201   1980      0      0 116721 116722      0      0      0      0      0      0 
