source_file,date,model,model_size,gpu,benchmark_name,variant,config,dataset,input_len,output_len,offered_qps,num_prompts,completed,failed,duration_s,total_input_tokens,total_output_tokens,request_throughput,request_goodput,output_throughput,total_token_throughput,max_output_tokens_per_s,max_concurrent_requests,mean_ttft_ms,median_ttft_ms,std_ttft_ms,p50_ttft_ms,p95_ttft_ms,p99_ttft_ms,mean_tpot_ms,median_tpot_ms,std_tpot_ms,p50_tpot_ms,p95_tpot_ms,p99_tpot_ms,mean_itl_ms,median_itl_ms,std_itl_ms,p50_itl_ms,p95_itl_ms,p99_itl_ms,mean_e2el_ms,median_e2el_ms,std_e2el_ms,p50_e2el_ms,p95_e2el_ms,p99_e2el_ms
bench/bench_results/Llama-3.1-8B/NVIDIA-H200/vllm-0.18.0-all+q/result/default-random-128x128-2qps-200p.json,20260330-204321,Llama-3.1-8B,8B,NVIDIA-H200,vllm-0.18.0-all+q,all+q,default,random,128,128,2.0,200,200,0,101.77262041438371,25400,25600,1.9651650825700233,,251.54113056896298,501.11709605535594,618.0,13,73.21140562184155,43.39883383363485,218.71608896048363,43.39883383363485,51.522204373031855,1192.051813174035,14.49698103353469,14.86908139910285,1.3294642294456482,14.86908139910285,14.967190866600575,14.972715892675005,14.496982635189523,14.807406347244978,1.9021145894197964,14.807406347244978,15.153343649581075,16.943452348932624,1914.3279968807474,1931.7017402499914,284.2569925441634,1931.7017402499914,1946.8181051313877,3092.9524705186445
bench/bench_results/Llama-3.1-8B/NVIDIA-H200/vllm-0.18.0-all+q/result/default-random-128x512-2qps-200p.json,20260330-204906,Llama-3.1-8B,8B,NVIDIA-H200,vllm-0.18.0-all+q,all+q,default,random,128,512,2.0,200,200,0,107.54447451606393,25400,102400,1.8596957296037184,,952.1642135571038,1188.345571216776,1618.0,28,45.99690174218267,45.98275059834123,5.131873774212556,45.98275059834123,52.37437169998884,53.98722097277633,15.064356663180497,15.100486481784609,0.1595680697536666,15.100486481784609,15.181009330168921,15.187197536970043,15.064357053288013,15.022630337625742,0.6401750804941987,15.022630337625742,15.448825573548675,17.24252904765308,7743.883156627417,7762.722906656563,79.82790486307748,7762.722906656563,7803.569673886523,7811.388065321371
bench/bench_results/Llama-3.1-8B/NVIDIA-H200/vllm-0.18.0-all+q/result/default-random-512x128-16qps-200p.json,20260330-210353,Llama-3.1-8B,8B,NVIDIA-H200,vllm-0.18.0-all+q,all+q,default,random,512,128,16.0,200,200,0,14.519706981256604,102200,25600,13.774382655116849,,1763.1209798549567,8801.830516619666,2676.0,75,78.63919510040432,78.96216586232185,17.75783238567003,78.96216586232185,112.07697866484523,129.757411936298,19.968205643487785,20.139451864666828,1.6050280130344923,20.139451864666828,22.13594948902257,22.596764107066107,19.968207049564874,15.819153282791376,9.28406734740589,15.819153282791376,35.39805798791349,41.22007184661924,2614.601311823353,2629.4193831272423,206.46777186541453,2629.4193831272423,2905.43521316722,2936.5263801068068
bench/bench_results/Llama-3.1-8B/NVIDIA-H200/vllm-0.18.0-all+q/result/default-random-512x128-1qps-200p.json,20260330-205619,Llama-3.1-8B,8B,NVIDIA-H200,vllm-0.18.0-all+q,all+q,default,random,512,128,1.0,200,200,0,201.61205008719116,102200,25600,0.9920041977327546,,126.97653730979259,633.8906823512301,454.0,9,48.22904106695205,50.816894974559546,14.363654624891376,50.816894974559546,67.72495931945737,82.92339468374843,12.208963066530156,14.8464706689706,3.7179806618940106,14.8464706689706,15.45127617620577,15.596187289466888,12.208964711854485,14.741096179932356,4.903488998686584,14.741096179932356,15.105505101382732,33.91020844690502,1598.767350516282,1932.317047379911,481.3658191057127,1932.317047379911,2013.9767290558668,2040.0609572045503
bench/bench_results/Llama-3.1-8B/NVIDIA-H200/vllm-0.18.0-all+q/result/default-random-512x128-2qps-200p.json,20260330-205906,Llama-3.1-8B,8B,NVIDIA-H200,vllm-0.18.0-all+q,all+q,default,random,512,128,2.0,200,200,0,101.80409158114344,102200,25600,1.964557582055423,,251.46337050309415,1255.3522949334154,620.0,14,57.70832686685026,57.073174975812435,10.329153811713416,57.073174975812435,77.15580016374581,88.74367017298937,14.961793744408592,15.308696266967715,1.4899968865595243,15.308696266967715,15.881369317933096,15.995685398270645,14.961795290000737,14.911121223121881,4.029373059002135,14.911121223121881,15.385514963418245,34.41057903692126,1957.8561324067414,2002.2084433585405,192.53687502318394,2002.2084433585405,2075.3620966803282,2093.201780822128
bench/bench_results/Llama-3.1-8B/NVIDIA-H200/vllm-0.18.0-all+q/result/default-random-512x128-4qps-200p.json,20260330-210102,Llama-3.1-8B,8B,NVIDIA-H200,vllm-0.18.0-all+q,all+q,default,random,512,128,4.0,200,200,0,51.89400555379689,102200,25600,3.8540096850428376,,493.3132396854832,2462.712188742373,931.0,20,63.54421372525394,59.98337967321277,11.978697927061198,59.98337967321277,88.60672926530242,104.53008847311133,15.860105644119539,15.851327203448832,0.45189142135505767,15.851327203448832,16.487011342038084,16.814810569346776,15.860107172515216,15.026829671114683,4.932300548959388,15.026829671114683,33.78319167532027,34.50665071606636,2077.777630528435,2077.0137682557106,56.684013310816155,2077.0137682557106,2154.616763722151,2192.071406347677
bench/bench_results/Llama-3.1-8B/NVIDIA-H200/vllm-0.18.0-all+q/result/default-random-512x128-8qps-200p.json,20260330-210234,Llama-3.1-8B,8B,NVIDIA-H200,vllm-0.18.0-all+q,all+q,default,random,512,128,8.0,200,200,0,26.949554937891662,102200,25600,7.421272835893688,,949.922922994392,4742.193342136066,1502.0,35,69.56326318904757,64.45687031373382,14.890863404271254,64.45687031373382,95.09285064414142,108.81363687105475,17.11399325591285,17.21495969631658,0.7460535213274156,17.21495969631658,18.395927508442306,18.695636736155727,17.11399474122569,15.300465282052755,6.909292242103196,15.300465282052755,34.418796095997095,35.55634549818932,2243.040406689979,2251.082404050976,97.46861218541493,2251.082404050976,2401.3741033617407,2433.3680514618754
bench/bench_results/Llama-3.1-8B/NVIDIA-H200/vllm-0.18.0-all+q/result/default-random-768x192-2qps-200p.json,20260330-205153,Llama-3.1-8B,8B,NVIDIA-H200,vllm-0.18.0-all+q,all+q,default,random,768,192,2.0,200,200,0,102.78221786674112,153400,38400,1.945861883028282,,373.60548154143015,1866.0815458241223,848.0,16,65.2813365822658,64.08783700317144,8.935580385898614,64.08783700317144,85.15787334181366,92.12664754129946,15.622087131298258,15.632609117542106,0.5115313019991088,15.632609117542106,16.21029702337039,16.44275426859748,15.622088293306023,15.117626171559095,3.398025425852462,15.117626171559095,15.543161425739525,34.08091843128204,3049.0999786602333,3049.862618558109,97.04993953636134,3049.862618558109,3165.1285661384463,3204.25412309356
bench/bench_results/Llama-3.1-8B/NVIDIA-H200/vllm-0.18.0-all+q/result/default-random-768x32-2qps-200p.json,20260330-204615,Llama-3.1-8B,8B,NVIDIA-H200,vllm-0.18.0-all+q,all+q,default,random,768,32,2.0,200,200,0,100.37051776610315,153400,6400,1.9926170000045915,,63.76374400014693,1592.1009830036685,230.0,9,49.97503641527146,43.453607242554426,12.528284681499064,43.453607242554426,77.89370901882647,87.44264803826802,9.878327543847263,8.7310686226814,4.150291803487727,8.7310686226814,16.122587490826845,16.892515888077114,9.878334435183675,5.86877902969718,5.460770911119501,5.86877902969718,15.047653717920182,33.712603291496634,356.2031902745366,315.1521859690547,136.43308672800399,315.1521859690547,563.9222220983356,593.1499836128205
bench/bench_results/Llama-3.1-8B/NVIDIA-H200/vllm-0.18.0-all+sd(1B)/result/default-random-128x128-2qps-200p.json,20260330-223235,Llama-3.1-8B,8B,NVIDIA-H200,vllm-0.18.0-all+sd(1B),all+sd(1B),default,random,128,128,2.0,200,200,0,101.32669306732714,25400,25600,1.9738135524378435,,252.64813471204397,503.3224558716501,213.0,10,78.4734433889389,78.1140853650868,11.073114431343404,78.1140853650868,94.14961994625628,101.8212464544922,7.323408066515085,6.73006903600153,2.4256715043339194,6.73006903600153,11.712922201689882,16.008067820441134,28.8708063802865,28.761795721948147,1.562324264578042,28.761795721948147,32.46006993576884,34.55552356317638,1008.5462678363546,936.2895898520947,310.4456798785828,936.2895898520947,1562.54562367685,2127.532866755494
bench/bench_results/Llama-3.1-8B/NVIDIA-H200/vllm-0.18.0-all+sd(1B)/result/default-random-128x512-2qps-200p.json,20260330-223809,Llama-3.1-8B,8B,NVIDIA-H200,vllm-0.18.0-all+sd(1B),all+sd(1B),default,random,128,512,2.0,200,200,0,105.49153668433428,25400,102400,1.8958866870853008,,970.693983787674,1211.4715930475072,446.0,16,81.16534684319049,80.92372724786401,9.46742079628567,80.92372724786401,94.7879527695477,99.19945353642105,5.821597865070061,5.249430167574414,1.7217530443732316,5.249430167574414,8.66228304138139,13.193671199822989,28.72573101880297,28.409327380359173,1.3035681146831373,28.409327380359173,31.811361713334914,34.964238833636045,3056.001855893992,2763.3412177674472,880.2527340056068,2763.3412177674472,4504.902605805535,6816.349433464928
bench/bench_results/Llama-3.1-8B/NVIDIA-H200/vllm-0.18.0-all+sd(1B)/result/default-random-512x128-16qps-200p.json,20260330-225246,Llama-3.1-8B,8B,NVIDIA-H200,vllm-0.18.0-all+sd(1B),all+sd(1B),default,random,512,128,16.0,200,200,0,13.866040910594165,102200,25600,14.423727817447347,,1846.2371606332604,9216.762075348855,727.0,46,127.69467023201287,99.34510057792068,124.94636290242302,99.34510057792068,173.9362992811931,798.8934721238907,8.857199255465053,8.037187716388326,3.0997653088839505,8.037187716388326,14.511133204984263,20.321982499857334,33.28986345333072,29.649698175489902,5.963993654012707,29.649698175489902,40.866951225325465,47.9654929228127,1252.5589756760746,1128.6452356725931,415.96222578772245,1128.6452356725931,2046.753699425607,2678.3299430366587
bench/bench_results/Llama-3.1-8B/NVIDIA-H200/vllm-0.18.0-all+sd(1B)/result/default-random-512x128-1qps-200p.json,20260330-224519,Llama-3.1-8B,8B,NVIDIA-H200,vllm-0.18.0-all+sd(1B),all+sd(1B),default,random,512,128,1.0,200,200,0,200.8876670729369,102200,25600,0.9955812764124808,,127.43440338079755,636.1764356275752,142.0,7,83.394467192702,80.69931669160724,18.412331312542648,80.69931669160724,100.89886034838855,112.87191501818586,7.70791500792142,6.8049430920500455,2.8658286724740227,6.8049430920500455,12.689593529299371,18.43153857875349,27.829578231064325,28.00937183201313,2.6036134178651045,28.00937183201313,28.910626750439405,38.59889628365636,1062.2996731987223,948.2634523883462,370.9588493205216,948.2634523883462,1690.2613221667707,2409.810219313946
bench/bench_results/Llama-3.1-8B/NVIDIA-H200/vllm-0.18.0-all+sd(1B)/result/default-random-512x128-2qps-200p.json,20260330-224803,Llama-3.1-8B,8B,NVIDIA-H200,vllm-0.18.0-all+sd(1B),all+sd(1B),default,random,512,128,2.0,200,200,0,100.79294141475111,102200,25600,1.9842659336334227,,253.9860395050781,1267.9459315917572,212.0,11,88.22227604221553,89.21019500121474,11.131744979057386,89.21019500121474,104.24590492621064,110.24110465310511,8.06492382095848,7.253533848891343,3.080801219150303,7.253533848891343,12.432579610746085,18.93193377951871,29.023676011637466,28.44888437539339,2.9265676558434834,28.44888437539339,38.38644567877054,39.138761423528194,1112.4676013039425,1010.8594903722405,392.1483386217643,1010.8594903722405,1688.0108646117149,2478.362575098862
bench/bench_results/Llama-3.1-8B/NVIDIA-H200/vllm-0.18.0-all+sd(1B)/result/default-random-512x128-4qps-200p.json,20260330-224958,Llama-3.1-8B,8B,NVIDIA-H200,vllm-0.18.0-all+sd(1B),all+sd(1B),default,random,512,128,4.0,200,200,0,51.66109068132937,102200,25600,3.871385550756117,,495.53735049678295,2473.8153669331587,307.0,16,91.58518910873681,91.8705235235393,11.446795258452005,91.8705235235393,110.11824547313152,116.7797427717596,7.980550104297522,7.215044860852751,2.8626690766881415,7.215044860852751,12.73751665038736,19.53391025158185,29.80970785172437,28.53210363537073,3.5332707845896043,28.53210363537073,38.573912298306816,39.482209319248796,1105.115052354522,1007.2501869872212,364.7667006026612,1007.2501869872212,1700.0453624874317,2576.5766477026004
bench/bench_results/Llama-3.1-8B/NVIDIA-H200/vllm-0.18.0-all+sd(1B)/result/default-random-512x128-8qps-200p.json,20260330-225129,Llama-3.1-8B,8B,NVIDIA-H200,vllm-0.18.0-all+sd(1B),all+sd(1B),default,random,512,128,8.0,200,200,0,26.65438086632639,102200,25600,7.503456974034181,,960.4424926763752,4794.709006407842,459.0,26,94.30165939498693,92.9004643112421,12.66186263383942,92.9004643112421,114.4660672172904,139.90305878221983,8.808576541212132,7.887017231170586,3.4442584285807305,7.887017231170586,15.31069647579446,19.596537469673507,31.16126447464638,28.923825826495886,4.713537318104566,28.923825826495886,39.15452077053487,42.35561074689031,1212.9908801289275,1098.0317313224077,436.90343725417216,1098.0317313224077,2037.9169796127817,2574.2361877113485
bench/bench_results/Llama-3.1-8B/NVIDIA-H200/vllm-0.18.0-all+sd(1B)/result/default-random-768x192-2qps-200p.json,20260330-224055,Llama-3.1-8B,8B,NVIDIA-H200,vllm-0.18.0-all+sd(1B),all+sd(1B),default,random,768,192,2.0,200,200,0,101.19620609190315,153400,38400,1.9763586771065944,,379.46086600446614,1895.3279713452241,234.0,12,88.55090823955834,88.0264239385724,11.520476463131576,88.0264239385724,106.16960823535919,119.10364270210263,6.592139611898371,6.192399125487705,1.4205420555641013,6.192399125487705,8.969138136270077,12.199747840049833,28.87510292837754,28.211348690092564,2.8742712404986825,28.211348690092564,37.790621630847454,38.63195218145847,1347.649574112147,1268.642452545464,271.5618180893742,1268.642452545464,1797.737400373443,2400.2680290490357
bench/bench_results/Llama-3.1-8B/NVIDIA-H200/vllm-0.18.0-all+sd(1B)/result/default-random-768x32-2qps-200p.json,20260330-223521,Llama-3.1-8B,8B,NVIDIA-H200,vllm-0.18.0-all+sd(1B),all+sd(1B),default,random,768,32,2.0,200,200,0,100.34934303723276,153400,6400,1.9930374623956804,,63.77719879666177,1592.4369324541485,125.0,9,82.97759923618287,82.8015748411417,13.002342208038534,82.8015748411417,101.63064580410716,113.3948642108589,14.443251193921652,13.227203845857613,5.127188494411464,13.227203845857613,23.471387956411608,27.260850738553746,27.97507037784263,27.965471148490906,3.5338896101101382,27.965471148490906,37.775224074721336,38.58831711113453,530.7183862477541,499.39531506970525,159.8324400173248,499.39531506970525,823.6460977699608,913.5345070809125
bench/bench_results/Llama-3.1-8B/NVIDIA-H200/vllm-0.18.0-all+sd(1B+p)/result/default-random-128x128-2qps-200p.json,20260330-233629,Llama-3.1-8B,8B,NVIDIA-H200,vllm-0.18.0-all+sd(1B+p),all+sd(1B+p),default,random,128,128,2.0,200,200,0,100.2437699129805,25400,25600,1.9951364575934822,,255.37746657196573,508.75979668633795,287.0,8,33.48019555211067,24.650634732097387,81.83237464096632,24.650634732097387,31.74235536716878,38.81433296016945,2.1693075546906813,1.9004582574107045,0.7215288060087139,1.9004582574107045,3.749182949751967,4.7381431948921495,8.123316152643818,8.012635633349419,0.7414755926789453,8.012635633349419,8.350919000804423,11.704280115664005,308.9822549978271,268.66042288020253,139.73329525714556,268.66042288020253,510.41422029957175,677.6497761346394
bench/bench_results/Llama-3.1-8B/NVIDIA-H200/vllm-0.18.0-all+sd(1B+p)/result/default-random-128x512-2qps-200p.json,20260330-234208,Llama-3.1-8B,8B,NVIDIA-H200,vllm-0.18.0-all+sd(1B+p),all+sd(1B+p),default,random,128,512,2.0,200,200,0,100.81982790865004,25400,102400,1.983736772306478,,1015.6732274209168,1267.6077975038395,673.0,9,29.30031083058566,29.127141926437616,4.52919715105508,29.127141926437616,34.09258173778652,40.7171462476252,1.6873843854460902,1.5390735518719467,0.46181622985028087,1.5390735518719467,2.618110008490382,3.8126316508405815,8.256761719354362,8.107929956167936,0.7718286748279556,8.107929956167936,8.538906229659915,11.971991648897529,891.5537317935377,815.3375345282257,236.24774480499048,815.3375345282257,1364.6108134184028,1980.556106194853
bench/bench_results/Llama-3.1-8B/NVIDIA-H200/vllm-0.18.0-all+sd(1B+p)/result/default-random-512x128-16qps-200p.json,20260330-235638,Llama-3.1-8B,8B,NVIDIA-H200,vllm-0.18.0-all+sd(1B+p),all+sd(1B+p),default,random,512,128,16.0,200,200,0,12.843617691658437,102200,25600,15.571936568144213,,1993.2078807224593,9950.467467044153,838.0,32,47.55210395902395,45.215378515422344,11.150275862511574,45.215378515422344,68.28251378610729,83.38802472688255,3.1793260426209193,2.8806125532513063,1.3572627098696919,2.8806125532513063,5.5726866949144265,9.980274691121782,10.899570617960048,8.8973268866539,4.525027641454282,8.8973268866539,19.71819009631872,23.05109739303589,451.32651137188077,412.00809832662344,174.17859681061785,412.00809832662344,762.2219417244193,1303.4600385837252
bench/bench_results/Llama-3.1-8B/NVIDIA-H200/vllm-0.18.0-all+sd(1B+p)/result/default-random-512x128-1qps-200p.json,20260330-234916,Llama-3.1-8B,8B,NVIDIA-H200,vllm-0.18.0-all+sd(1B+p),all+sd(1B+p),default,random,512,128,1.0,200,200,0,200.2583950702101,102200,25600,0.9987096916954742,,127.8348405370207,638.175492993408,182.0,5,34.47563647758216,32.449317164719105,5.065493482563156,32.449317164719105,41.322140488773584,50.55426736362264,2.3460693921395173,2.065502631470678,0.8619665739414979,2.065502631470678,4.064348568831838,5.521514060958395,8.149645468311821,8.030757308006287,1.2574442976178886,8.030757308006287,8.407663740217686,13.48716228269041,332.42644927930087,296.9038956798613,111.06256187774508,296.9038956798613,575.8730728644878,732.928834240883
bench/bench_results/Llama-3.1-8B/NVIDIA-H200/vllm-0.18.0-all+sd(1B+p)/result/default-random-512x128-2qps-200p.json,20260330-235200,Llama-3.1-8B,8B,NVIDIA-H200,vllm-0.18.0-all+sd(1B+p),all+sd(1B+p),default,random,512,128,2.0,200,200,0,100.35290396213531,102200,25600,1.9929667414055408,,255.09974289990922,1273.5057477581406,273.0,9,35.24802230298519,33.24720077216625,6.333045504118514,33.24720077216625,43.08724757283925,53.403314324095675,2.3723458294485376,2.148420645261374,0.8286270380850951,2.148420645261374,3.76351899100746,5.532930210658061,8.269195385324304,8.03156103938818,1.544705474726654,8.03156103938818,8.915919251739977,18.185511250048876,336.5359426429495,306.0441040433943,106.81583385646138,306.0441040433943,513.7779868673531,740.7404542528091
bench/bench_results/Llama-3.1-8B/NVIDIA-H200/vllm-0.18.0-all+sd(1B+p)/result/default-random-512x128-4qps-200p.json,20260330-235354,Llama-3.1-8B,8B,NVIDIA-H200,vllm-0.18.0-all+sd(1B+p),all+sd(1B+p),default,random,512,128,4.0,200,200,0,50.35591290704906,102200,25600,3.9717282133118283,,508.38121130391403,2537.9343283062585,316.0,11,45.292082843370736,37.28372044861317,57.82371508732603,37.28372044861317,50.142933335155234,307.15494378469646,2.4576156298945273,2.175533649049641,0.9029224973000222,2.175533649049641,4.188582329739499,5.906871123400727,8.572298484611146,8.084981236606836,2.0535840465479938,8.084981236606836,10.111030610278249,18.582113087177277,357.40926783997566,315.2462877333164,132.27239054791704,315.2462877333164,634.8537763115015,863.9913020282982
bench/bench_results/Llama-3.1-8B/NVIDIA-H200/vllm-0.18.0-all+sd(1B+p)/result/default-random-512x128-8qps-200p.json,20260330-235522,Llama-3.1-8B,8B,NVIDIA-H200,vllm-0.18.0-all+sd(1B+p),all+sd(1B+p),default,random,512,128,8.0,200,200,0,25.311862262897193,102200,25600,7.901433640983633,,1011.383506045905,5049.016096588542,598.0,19,40.63135006930679,38.93116908147931,7.441449179191747,38.93116908147931,52.28487583808598,60.20589419640595,2.69519375604174,2.4141927037065427,1.0205369214949565,2.4141927037065427,4.892656205984665,5.925085819069663,9.246077753431383,8.274899329990149,2.9434190781811016,8.274899329990149,18.228925392031666,19.145507635548714,382.9209570866078,348.31153182312846,130.6261311786425,348.31153182312846,660.5780374258754,791.6762563493083
bench/bench_results/Llama-3.1-8B/NVIDIA-H200/vllm-0.18.0-all+sd(1B+p)/result/default-random-768x192-2qps-200p.json,20260330-234452,Llama-3.1-8B,8B,NVIDIA-H200,vllm-0.18.0-all+sd(1B+p),all+sd(1B+p),default,random,768,192,2.0,200,200,0,100.36217533797026,153400,38400,1.9927826327647715,,382.61426549083615,1911.078544821416,364.0,9,41.92738644313067,40.93913780525327,6.81459619236218,40.93913780525327,53.08651169762013,63.19984398782244,2.1114864424651207,1.9272112833696822,0.6173153866221851,1.9272112833696822,3.793933573885971,4.407076098327158,8.409845161013529,8.025456219911575,1.7190428876512933,8.025456219911575,9.85988462343812,18.20825878530741,445.2212969539687,406.71221166849136,117.84259011255352,406.71221166849136,764.8861282970756,879.1647244244813
bench/bench_results/Llama-3.1-8B/NVIDIA-H200/vllm-0.18.0-all+sd(1B+p)/result/default-random-768x32-2qps-200p.json,20260330-233924,Llama-3.1-8B,8B,NVIDIA-H200,vllm-0.18.0-all+sd(1B+p),all+sd(1B+p),default,random,768,32,2.0,200,200,0,100.11881727725267,153400,6400,1.997626474613186,,63.92404718762195,1596.1035532159356,136.0,7,40.87988320738077,36.02542309090495,23.49301272705335,36.02542309090495,51.879423251375556,66.47988618351496,4.6120716930337,4.470527172088623,1.5197543764582224,4.470527172088623,7.30613553295693,7.915695486289837,8.40531686169787,8.076532743871212,1.939128695219659,8.076532743871212,9.711115388199687,18.1702849175781,183.8541056914255,176.62762245163321,53.70403534850617,176.62762245163321,264.93074619211257,295.0930787716058
bench/bench_results/Llama-3.1-8B/NVIDIA-H200/vllm-0.18.0-all+sd(3B)/result/default-random-128x128-2qps-200p.json,20260330-213224,Llama-3.1-8B,8B,NVIDIA-H200,vllm-0.18.0-all+sd(3B),all+sd(3B),default,random,128,128,2.0,200,200,0,101.45887477323413,25400,25600,1.9712420470561143,,252.31898202318263,502.6667219993092,171.0,12,150.05968001671135,124.41724399104714,190.6360117491138,124.41724399104714,151.8093409948051,1116.5039188135377,10.876463472835836,9.842145627027188,2.6065760289240982,9.842145627027188,16.39902118050794,20.133935871614714,46.83204137365416,46.28521576523781,3.645600252068129,46.28521576523781,50.21323198452592,53.4041097573936,1531.3705410668626,1380.245661828667,374.33096387792176,1380.245661828667,2288.517480250448,2740.746641894799
bench/bench_results/Llama-3.1-8B/NVIDIA-H200/vllm-0.18.0-all+sd(3B)/result/default-random-128x512-2qps-200p.json,20260330-213821,Llama-3.1-8B,8B,NVIDIA-H200,vllm-0.18.0-all+sd(3B),all+sd(3B),default,random,128,512,2.0,200,200,0,104.12426183372736,25400,102400,1.9207819241914386,,983.4403451860165,1227.3796495583292,358.0,19,127.46641801670194,122.35744250938296,33.76284061378784,122.35744250938296,145.1126529369503,337.40428450517305,8.593035402175571,8.378991572853405,0.9224085884070161,8.378991572853405,10.970071386527671,12.110101756349993,46.446385449929444,45.720781199634075,8.518728433895589,45.720781199634075,49.21415490098297,52.61776920408011,4518.507508528419,4402.590501122177,473.5207753505809,4402.590501122177,5708.216677745802,6327.767958184703
bench/bench_results/Llama-3.1-8B/NVIDIA-H200/vllm-0.18.0-all+sd(3B)/result/default-random-512x128-16qps-200p.json,20260330-215338,Llama-3.1-8B,8B,NVIDIA-H200,vllm-0.18.0-all+sd(3B),all+sd(3B),default,random,512,128,16.0,200,200,0,14.449995315633714,102200,25600,13.84083493671561,,1771.626871899598,8844.293524561273,676.0,58,156.7931949812919,155.49505641683936,25.299031330174405,155.49505641683936,200.6925260648131,229.28182534873469,12.91998969148991,12.330026472148697,3.4261886300236606,12.330026472148697,19.10048959571428,24.68115274207738,53.895184346397464,55.21704722195864,8.676185281603194,55.21704722195864,74.13097247481346,81.8751897662878,1797.6318858005106,1716.7147062718868,438.88289360336677,1716.7147062718868,2586.7874271236356,3329.788280297069
bench/bench_results/Llama-3.1-8B/NVIDIA-H200/vllm-0.18.0-all+sd(3B)/result/default-random-512x128-1qps-200p.json,20260330-214545,Llama-3.1-8B,8B,NVIDIA-H200,vllm-0.18.0-all+sd(3B),all+sd(3B),default,random,512,128,1.0,200,200,0,202.0932090897113,102200,25600,0.9896423581022848,,126.67422183709246,632.38146682736,112.0,8,126.32040014024822,125.62183104455471,16.55305136961522,125.62183104455471,151.56248579733074,157.64731478877363,10.913242913313269,10.454574874858922,2.5752932604802594,10.454574874858922,15.856038341592026,19.532801976544764,45.50917936234252,45.043434016406536,3.1574889571181837,45.043434016406536,52.27429373189807,55.98972775042058,1512.3022501310334,1453.957015182823,326.6431843585365,1453.957015182823,2149.3777828756715,2586.5369250066574
bench/bench_results/Llama-3.1-8B/NVIDIA-H200/vllm-0.18.0-all+sd(3B)/result/default-random-512x128-2qps-200p.json,20260330-214836,Llama-3.1-8B,8B,NVIDIA-H200,vllm-0.18.0-all+sd(3B),all+sd(3B),default,random,512,128,2.0,200,200,0,101.28420236054808,102200,25600,1.9746416058848621,,252.75412555326236,1261.795986160427,146.0,12,130.66956326831132,132.030897308141,15.297640905918186,132.030897308141,153.7924713920802,160.901280902326,11.025936997671591,10.29628205413776,2.6980502754335847,10.29628205413776,15.702674542297057,20.219881574249282,45.79866527384017,44.812411069869995,3.4066949750353723,44.812411069869995,54.73081124946475,55.55030815303325,1530.9635619726032,1428.9697869680822,345.05985953177856,1428.9697869680822,2126.465596398338,2710.951347127556
bench/bench_results/Llama-3.1-8B/NVIDIA-H200/vllm-0.18.0-all+sd(3B)/result/default-random-512x128-4qps-200p.json,20260330-215037,Llama-3.1-8B,8B,NVIDIA-H200,vllm-0.18.0-all+sd(3B),all+sd(3B),default,random,512,128,4.0,200,200,0,51.39614833984524,102200,25600,3.8913421814713796,,498.0917992283366,2486.5676539602114,239.0,19,135.71741609368473,136.21321972459555,16.246050959436968,136.21321972459555,160.3110927622765,175.28446665033695,11.101577256908861,10.487420249759683,2.35949935393633,10.487420249759683,15.819050395113273,17.62101411181465,47.696228121459,45.78960593789816,4.269179146803691,45.78960593789816,56.015299586579204,62.268621567636785,1545.61772772111,1466.0923555493355,301.3470974457796,1466.0923555493355,2147.893489571288,2382.9929238744076
bench/bench_results/Llama-3.1-8B/NVIDIA-H200/vllm-0.18.0-all+sd(3B)/result/default-random-512x128-8qps-200p.json,20260330-215213,Llama-3.1-8B,8B,NVIDIA-H200,vllm-0.18.0-all+sd(3B),all+sd(3B),default,random,512,128,8.0,200,200,0,26.930434717796743,102200,25600,7.4265418325323855,,950.5973545641453,4745.560230988194,373.0,29,137.79974522534758,135.79205283895135,18.953324843440996,135.79205283895135,163.52880042977625,206.29006332717827,11.882383498715194,10.938886058054806,3.152668750787592,10.938886058054806,18.996412925216855,21.66736173245494,49.396493690128025,46.33217956870794,5.540682647538151,46.33217956870794,56.80398601107299,61.3590506836772,1646.862449562177,1535.1853030733764,400.6967176829895,1535.1853030733764,2547.1623644698407,2891.41997577622
bench/bench_results/Llama-3.1-8B/NVIDIA-H200/vllm-0.18.0-all+sd(3B)/result/default-random-768x192-2qps-200p.json,20260330-214115,Llama-3.1-8B,8B,NVIDIA-H200,vllm-0.18.0-all+sd(3B),all+sd(3B),default,random,768,192,2.0,200,200,0,103.40034075733274,153400,38400,1.9342296024862644,,371.37208367736275,1854.9261887843277,211.0,14,133.11994213610888,132.47104221954942,15.489809378565656,132.47104221954942,158.2057566847652,174.26569393835962,10.117919577446557,9.445280655828448,2.3474951503207055,9.445280655828448,15.799364357387036,18.743062004476226,46.03985299663025,44.9975086376071,3.5015023466225452,44.9975086376071,54.75447280332446,56.07101438567042,2065.642581428401,1936.771352775395,448.3540056053548,1936.771352775395,3155.7053951546523,3716.272306321186
bench/bench_results/Llama-3.1-8B/NVIDIA-H200/vllm-0.18.0-all+sd(3B)/result/default-random-768x32-2qps-200p.json,20260330-213527,Llama-3.1-8B,8B,NVIDIA-H200,vllm-0.18.0-all+sd(3B),all+sd(3B),default,random,768,32,2.0,200,200,0,100.92214672546834,153400,6400,1.9817255824338182,,63.415218637882184,1583.3987403646208,115.0,9,139.4127240171656,126.22502446174622,102.46356777217532,126.22502446174622,156.97193094529212,469.6457747556233,19.79545632918035,18.192087240036454,8.80199871236145,18.192087240036454,37.36343195271348,44.12401420514908,46.20928963097878,44.94394129142165,22.30012647322007,44.94394129142165,55.002391105517745,55.90173187665641,753.0718702217564,686.4669541828334,300.33743867912625,686.4669541828334,1346.8224582262335,1600.3545098565485
bench/bench_results/Llama-3.1-8B/NVIDIA-H200/vllm-0.18.0-cb/result/default-random-128x128-2qps-200p.json,20260328-180756,Llama-3.1-8B,8B,NVIDIA-H200,vllm-0.18.0-cb,cb,default,random,128,128,2.0,200,200,0,100.8278921591118,25400,25600,1.9835781123380951,,253.89799837927617,505.81241864621427,836.0,9,30.807245364412665,15.680452808737755,125.54491825602227,15.680452808737755,19.223963422700763,545.0732683483469,6.257633521060247,6.258622534191749,0.1862991156984549,6.258622534191749,6.4235073814945896,6.490867175308503,6.257635113768514,6.221395451575518,1.5373532677323762,6.221395451575518,6.458169361576438,8.5806430503726,825.526702539064,811.4149863831699,142.90862452356725,811.4149863831699,833.1758531276137,1364.765316089611
bench/bench_results/Llama-3.1-8B/NVIDIA-H200/vllm-0.18.0-cb/result/default-random-128x512-2qps-200p.json,20260328-181335,Llama-3.1-8B,8B,NVIDIA-H200,vllm-0.18.0-cb,cb,default,random,128,512,2.0,200,200,0,103.31571445707232,25400,102400,1.9358139374151064,,991.1367359565345,1236.985106008253,2091.0,16,17.46908337343484,16.982703935354948,4.211620866545777,16.982703935354948,20.210236171260473,24.91260598413646,6.489603438099333,6.493750106681817,0.04832296384317666,6.493750106681817,6.565663522408287,6.583982304033847,6.48960381752671,6.458229385316372,0.30014962649707677,6.458229385316372,6.6779185086488715,8.678482146933675,3333.6564402421936,3335.070396307856,24.353681613748076,3335.070396307856,3374.200753076002,3380.0692420173436
bench/bench_results/Llama-3.1-8B/NVIDIA-H200/vllm-0.18.0-cb/result/default-random-512x128-16qps-200p.json,20260328-182808,Llama-3.1-8B,8B,NVIDIA-H200,vllm-0.18.0-cb,cb,default,random,512,128,16.0,200,200,0,13.385137503035367,102200,25600,14.941945867544932,,1912.5690710457513,9547.903409361212,2675.0,45,34.023879524320364,30.797408428043127,8.439373679722351,30.797408428043127,49.25026493147013,66.59068622626364,8.542310118227904,8.664160064883589,0.7133534598425842,8.664160064883589,9.631351468439297,9.863627449807337,8.542311560861238,7.055692374706268,4.420891449040181,7.055692374706268,19.143103156238794,20.518633043393493,1118.8972645392641,1131.599404849112,91.69370221046448,1131.599404849112,1262.4694973230362,1294.2146728560328
bench/bench_results/Llama-3.1-8B/NVIDIA-H200/vllm-0.18.0-cb/result/default-random-512x128-1qps-200p.json,20260328-182044,Llama-3.1-8B,8B,NVIDIA-H200,vllm-0.18.0-cb,cb,default,random,512,128,1.0,200,200,0,200.80813794769347,102200,25600,0.9959755717275564,,127.48487318112721,636.4283903339085,539.0,7,23.59883334953338,23.129838053137064,5.414462008723876,23.129838053137064,29.4169595465064,33.08592982590197,6.241892340453708,6.220676257883705,0.15642763693725045,6.220676257883705,6.534455369380632,6.624300357496997,6.24189400066453,6.196493282914162,0.8819402283908049,6.196493282914162,6.410823715850711,6.6268477961420995,816.3191605871543,814.5079743117094,21.35644383442638,814.5079743117094,854.7591213602573,866.3006884697825
bench/bench_results/Llama-3.1-8B/NVIDIA-H200/vllm-0.18.0-cb/result/default-random-512x128-2qps-200p.json,20260328-182328,Llama-3.1-8B,8B,NVIDIA-H200,vllm-0.18.0-cb,cb,default,random,512,128,2.0,200,200,0,100.8291457593441,102200,25600,1.9835534506793684,,253.89484168695915,1267.4906549841164,813.0,9,25.928263287059963,26.10179129987955,5.121917178077124,26.10179129987955,30.235765548422926,35.79898007214067,6.431622808674482,6.4176811770660676,0.2101877741577079,6.4176811770660676,6.816696429507822,7.007321802400581,6.43162438928289,6.27090223133564,1.3348945073441838,6.27090223133564,6.608708808198571,17.871750909835097,842.7443599887192,842.1717500314116,27.672572254427944,842.1717500314116,890.0583347305655,916.6018612030894
bench/bench_results/Llama-3.1-8B/NVIDIA-H200/vllm-0.18.0-cb/result/default-random-512x128-4qps-200p.json,20260328-182521,Llama-3.1-8B,8B,NVIDIA-H200,vllm-0.18.0-cb,cb,default,random,512,128,4.0,200,200,0,50.85317950788885,102200,25600,3.9328907638700152,,503.41001777536195,2513.1171981129396,1125.0,15,27.989448243752122,27.259825728833675,5.276082247336107,27.259825728833675,37.13179719634351,44.31672817096114,6.771834561725947,6.757927402179306,0.27143644079914914,6.757927402179306,7.2192270195067625,7.323803706094623,6.77183612821785,6.433089729398489,2.0095673050808944,6.433089729398489,6.809047563001513,18.239346295595166,888.0124375829473,886.2208374775946,35.407057315686174,886.2208374775946,946.4750302489847,962.4354679975659
bench/bench_results/Llama-3.1-8B/NVIDIA-H200/vllm-0.18.0-cb/result/default-random-512x128-8qps-200p.json,20260328-182651,Llama-3.1-8B,8B,NVIDIA-H200,vllm-0.18.0-cb,cb,default,random,512,128,8.0,200,200,0,25.864180708304048,102200,25600,7.732701926869359,,989.7858466392779,4941.19653126952,1740.0,24,29.50493212789297,28.24288047850132,5.824472273076477,28.24288047850132,40.38613964803517,49.89164251834151,7.249567512877462,7.20220892213461,0.3115391427980735,7.20220892213461,7.768846081760455,7.965797830857043,7.249568997750308,6.596089340746403,2.812541628210742,6.596089340746403,18.062169384211302,18.512011840939522,950.2000062633306,944.1275312565267,39.74139674291567,944.1275312565267,1013.0619221366941,1042.3402260709554
bench/bench_results/Llama-3.1-8B/NVIDIA-H200/vllm-0.18.0-cb/result/default-random-768x192-2qps-200p.json,20260328-181620,Llama-3.1-8B,8B,NVIDIA-H200,vllm-0.18.0-cb,cb,default,random,768,192,2.0,200,200,0,101.26751737203449,153400,38400,1.9749669508065866,,379.1936545548646,1893.9933058235165,964.0,12,33.74773720279336,33.039463218301535,5.568056520555975,33.039463218301535,38.8844479341059,52.12655927985906,6.637149254586645,6.604661292235577,0.2613478439354505,6.604661292235577,7.095354138410293,7.292432743344085,6.63715028928115,6.384731736034155,2.0437615497359567,6.384731736034155,6.727439723908901,23.729000817984343,1301.4432448288426,1298.5120518133044,50.51537221859882,1298.5120518133044,1391.2729041650891,1427.5894698221236
bench/bench_results/Llama-3.1-8B/NVIDIA-H200/vllm-0.18.0-cb/result/default-random-768x32-2qps-200p.json,20260328-181048,Llama-3.1-8B,8B,NVIDIA-H200,vllm-0.18.0-cb,cb,default,random,768,32,2.0,200,200,0,100.21313346363604,153400,6400,1.9957463965795785,,63.86388469054651,1594.6013708670832,221.0,9,31.31521055009216,28.559192083775997,16.15930888061579,28.559192083775997,37.14394862763582,49.060314269736374,6.278632505676678,6.058545152266179,0.43188492487007246,6.058545152266179,7.264721579849719,7.537625246050374,6.278639590487845,6.010634824633598,2.0076024197085074,6.010634824633598,6.408570194616914,23.463901299983267,225.9528182260692,219.38756247982383,21.04193079321746,219.38756247982383,253.7740666419267,272.1592247858643
bench/bench_results/Llama-3.1-8B/NVIDIA-H200/vllm-0.18.0-cb+as/result/default-random-128x128-2qps-200p.json,20260328-220441,Llama-3.1-8B,8B,NVIDIA-H200,vllm-0.18.0-cb+as,cb+as,default,random,128,128,2.0,200,200,0,100.74058624915779,25400,25600,1.9852971622117401,,254.11803676310274,506.25077636399374,865.0,9,50.90252080466598,19.999759271740913,224.05448980347234,19.999759271740913,23.346262099221345,1207.6482406351672,5.53543285345732,5.536776905014055,0.10842226788517914,5.536776905014055,5.695665663284227,5.907021648668516,5.5354344624454,5.508920643478632,0.5428621895739185,5.508920643478632,5.703580752015114,7.542333612218497,753.9024931937456,722.609946038574,231.06555476625752,722.609946038574,743.9922503661363,1957.8669201303233
bench/bench_results/Llama-3.1-8B/NVIDIA-H200/vllm-0.18.0-cb+as/result/default-random-128x512-2qps-200p.json,20260328-221019,Llama-3.1-8B,8B,NVIDIA-H200,vllm-0.18.0-cb+as,cb+as,default,random,128,512,2.0,200,200,0,102.94313484989107,25400,102400,1.9428201821484712,,994.7239332600172,1241.462096392873,2194.0,16,21.482397257350385,21.34235529229045,3.980305699558431,21.34235529229045,23.949637729674578,24.505274128168814,5.711789608882,5.717478872963944,0.043955129150149874,5.717478872963944,5.775874142340018,5.786429004882209,5.711789993631221,5.702797323465347,0.2635939620071199,5.702797323465347,5.866374168545008,7.608644096180797,2940.2068873960525,2942.8128567524254,22.451582884186077,2942.8128567524254,2974.221577355638,2977.813518093899
bench/bench_results/Llama-3.1-8B/NVIDIA-H200/vllm-0.18.0-cb+as/result/default-random-512x128-16qps-200p.json,20260328-222451,Llama-3.1-8B,8B,NVIDIA-H200,vllm-0.18.0-cb+as,cb+as,default,random,512,128,16.0,200,200,0,13.276291001588106,102200,25600,15.064448344501944,,1928.2493880962488,9626.182492136742,2629.0,43,37.88179918657988,34.46505218744278,8.92259474383384,34.46505218744278,58.56600054539738,68.07089867070312,7.247100579039025,7.252629732669104,0.56731717338035,7.252629732669104,8.249865864278881,8.478590109583545,7.252812914079139,6.062164902687073,3.108377789429265,6.062164902687073,12.15448989532888,21.414865003898736,958.2635727245361,958.0978504382074,73.96978399344428,958.0978504382074,1089.1253006644547,1133.5688842181116
bench/bench_results/Llama-3.1-8B/NVIDIA-H200/vllm-0.18.0-cb+as/result/default-random-512x128-1qps-200p.json,20260328-221727,Llama-3.1-8B,8B,NVIDIA-H200,vllm-0.18.0-cb+as,cb+as,default,random,512,128,1.0,200,200,0,200.72528948448598,102200,25600,0.9963866561789563,,127.5374919909064,636.6910732983531,543.0,7,25.24872039910406,21.294583100825548,6.704484101056052,21.294583100825548,33.23698556050658,34.47343356907364,5.559360597641977,5.540434916423062,0.13491391917944653,5.540434916423062,5.80896627759253,5.902316471283126,5.559362312192171,5.4982490837574005,0.594613779636451,5.4982490837574005,5.725782038643955,9.768505999818174,731.2875162996352,729.4891141355038,19.66730046710335,729.4891141355038,768.0390041787177,775.107737397775
bench/bench_results/Llama-3.1-8B/NVIDIA-H200/vllm-0.18.0-cb+as/result/default-random-512x128-2qps-200p.json,20260328-222011,Llama-3.1-8B,8B,NVIDIA-H200,vllm-0.18.0-cb+as,cb+as,default,random,512,128,2.0,200,200,0,100.7411539843306,102200,25600,1.9852859739040536,,254.11660465971886,1268.5977373246903,857.0,9,28.398265377618372,29.703357722610235,5.969671049980177,29.703357722610235,33.20291456766426,37.85040172748268,5.710343622903185,5.682193256151957,0.18003184684241685,5.682193256151957,6.028581531645041,6.24397516624606,5.710345253744346,5.575241055339575,0.8955975913670627,5.575241055339575,5.866208532825112,11.59435954876244,753.6119054863229,751.2307516299188,24.983499478138082,751.2307516299188,796.3119756896049,821.7979544680564
bench/bench_results/Llama-3.1-8B/NVIDIA-H200/vllm-0.18.0-cb+as/result/default-random-512x128-4qps-200p.json,20260328-222205,Llama-3.1-8B,8B,NVIDIA-H200,vllm-0.18.0-cb+as,cb+as,default,random,512,128,4.0,200,200,0,50.760413215495646,102200,25600,3.940078248593649,,504.33001581998707,2517.7100008513416,1175.0,15,31.20509480126202,30.90614126995206,5.466041577958706,30.90614126995206,37.95982962474222,45.60349863953888,5.969505176373472,5.957241657769352,0.24033129968077943,5.957241657769352,6.377958149949866,6.532532932222124,5.969506760905166,5.6858486495912075,1.3142378350136295,5.6858486495912075,6.376805994659658,11.809297185391186,789.3322522006929,786.0176023095846,31.69087426457048,786.0176023095846,843.1287261657417,860.3781963419169
bench/bench_results/Llama-3.1-8B/NVIDIA-H200/vllm-0.18.0-cb+as/result/default-random-512x128-8qps-200p.json,20260328-222334,Llama-3.1-8B,8B,NVIDIA-H200,vllm-0.18.0-cb+as,cb+as,default,random,512,128,8.0,200,200,0,25.76666840352118,102200,25600,7.761965841601342,,993.5316277249718,4959.8961727832575,1783.0,22,33.33962718490511,31.749005429446697,6.137006134230957,31.749005429446697,45.61058082617819,55.10576221160582,6.347622067564878,6.314611850731721,0.2773916685226713,6.314611850731721,6.789681289755688,7.028028723072466,6.347623538541218,5.807298235595226,1.9076547208159984,5.807298235595226,11.454038182273507,12.059752820059655,839.4876297656447,836.7223241366446,35.501923085076285,836.7223241366446,901.8615841399878,924.0111593902111
bench/bench_results/Llama-3.1-8B/NVIDIA-H200/vllm-0.18.0-cb+as/result/default-random-768x192-2qps-200p.json,20260328-221303,Llama-3.1-8B,8B,NVIDIA-H200,vllm-0.18.0-cb+as,cb+as,default,random,768,192,2.0,200,200,0,101.13156786561012,153400,38400,1.9776218664559058,,379.70339835953394,1896.5393699312137,1039.0,12,37.11142035666853,37.535762414336205,5.8408367904796705,37.535762414336205,44.34628901071845,53.144212104380095,5.878574860535796,5.859700441165432,0.22455703293423376,5.859700441165432,6.30697169492304,6.431233648074235,5.878575901593525,5.67199382930994,1.4109579551311418,5.67199382930994,6.012211134657264,16.11667308956385,1159.9192187190056,1156.615694053471,44.14128998729687,1156.615694053471,1242.3591492697597,1266.009387988597
bench/bench_results/Llama-3.1-8B/NVIDIA-H200/vllm-0.18.0-cb+as/result/default-random-768x32-2qps-200p.json,20260328-220733,Llama-3.1-8B,8B,NVIDIA-H200,vllm-0.18.0-cb+as,cb+as,default,random,768,32,2.0,200,200,0,100.19682991504669,153400,6400,1.9960711348809423,,63.874276316190155,1594.860836769873,219.0,7,30.79301436431706,27.37389598041773,6.555377067065656,27.37389598041773,39.043452357873306,47.68632187508043,5.680824226189045,5.487513247757189,0.3863858819318224,5.487513247757189,6.601788135125272,6.723906041513524,5.680830986088803,5.431680008769035,1.4403243208074277,5.431680008769035,5.762830004096031,16.06532434932888,206.89856537617743,204.24241526052356,14.113270119688375,204.24241526052356,232.7379574533552,249.88746087066826
bench/bench_results/Llama-3.1-8B/NVIDIA-H200/vllm-0.18.0-cb+cp/result/default-random-128x128-2qps-200p.json,20260328-194108,Llama-3.1-8B,8B,NVIDIA-H200,vllm-0.18.0-cb+cp,cb+cp,default,random,128,128,2.0,200,200,0,100.8016145946458,25400,25600,1.9840952032788495,,253.96418601969273,505.9442768361066,842.0,9,15.911990269087253,16.044302377849817,4.395300619985429,16.044302377849817,19.17344769462943,20.45333633199331,6.22707411558844,6.2479394429370645,0.10366221723026572,6.2479394429370645,6.369638042231127,6.430430458638612,6.227075713466647,6.2175290659070015,0.3068352715226109,6.2175290659070015,6.415630551055074,8.556109583005307,806.7504029488191,809.8033713176847,14.438886938696777,809.8033713176847,825.5589743610471,833.1054367870092
bench/bench_results/Llama-3.1-8B/NVIDIA-H200/vllm-0.18.0-cb+cp/result/default-random-128x512-2qps-200p.json,20260328-194625,Llama-3.1-8B,8B,NVIDIA-H200,vllm-0.18.0-cb+cp,cb+cp,default,random,128,512,2.0,200,200,0,103.28419797029346,25400,102400,1.936404638176344,,991.4391747462881,1237.3625637946839,2099.0,16,17.3315383028239,17.26301247254014,4.258296439077019,17.26301247254014,20.147691946476698,23.010335452854616,6.424898258446845,6.427818805402156,0.043129102421827076,6.427818805402156,6.490303107779728,6.51119262415646,6.424898643414772,6.387643050402403,0.3087259794513951,6.387643050402403,6.613604724407196,8.631593305617569,3300.454548369162,3301.6998977400362,21.624697170591933,3301.6998977400362,3334.5133495517075,3343.64084944129
bench/bench_results/Llama-3.1-8B/NVIDIA-H200/vllm-0.18.0-cb+cp/result/default-random-512x128-16qps-200p.json,20260328-200027,Llama-3.1-8B,8B,NVIDIA-H200,vllm-0.18.0-cb+cp,cb+cp,default,random,512,128,16.0,200,200,0,13.374936152249575,102200,25600,14.953342410263494,,1914.0278285137272,9555.185800158373,2665.0,45,33.49180069286376,30.102474614977837,8.49102973380178,30.102474614977837,49.934910610318184,63.10243025422095,8.421471446796547,8.519120565725594,0.7072413880890068,8.519120565725594,9.505337180833763,9.781784119275143,8.421472875753373,6.970115937292576,4.48484571177542,6.970115937292576,18.947152607142925,29.938723566010573,1103.0186744360253,1111.1012436449528,91.20204902687368,1111.1012436449528,1247.8426889050752,1273.967856131494
bench/bench_results/Llama-3.1-8B/NVIDIA-H200/vllm-0.18.0-cb+cp/result/default-random-512x128-1qps-200p.json,20260328-195322,Llama-3.1-8B,8B,NVIDIA-H200,vllm-0.18.0-cb+cp,cb+cp,default,random,512,128,1.0,200,200,0,200.80051040649414,102200,25600,0.996013404523357,,127.48971577898969,636.4525654904251,539.0,7,24.221309279091656,23.08864612132311,5.263679828527742,23.08864612132311,29.936631629243486,33.08004017919301,6.214855332367533,6.216199379267655,0.16874926255104597,6.216199379267655,6.510177962701973,6.589040470668885,6.214857055240963,6.206383928656578,0.9013854933528775,6.206383928656578,6.399444583803415,6.709556179121137,813.5079364897683,812.8660097718239,22.987867713716916,812.8660097718239,854.5239290688187,861.859419895336
bench/bench_results/Llama-3.1-8B/NVIDIA-H200/vllm-0.18.0-cb+cp/result/default-random-512x128-2qps-200p.json,20260328-195600,Llama-3.1-8B,8B,NVIDIA-H200,vllm-0.18.0-cb+cp,cb+cp,default,random,512,128,2.0,200,200,0,100.80498716514558,102200,25600,1.9840288226250793,,253.95568929601015,1267.7944176574256,827.0,9,25.85776446852833,25.92098666355014,5.080814665215807,25.92098666355014,31.041111238300797,37.374942032620304,6.262270293829185,6.243823763481744,0.19446814250927513,6.243823763481744,6.60698973742409,6.778606324507965,6.262271912570485,6.124289706349373,1.3169855533039592,6.124289706349373,6.400789692997932,17.752825999632478,821.1660917848349,819.7168912738562,25.929342851863993,819.7168912738562,865.4288006480783,890.7689593080431
bench/bench_results/Llama-3.1-8B/NVIDIA-H200/vllm-0.18.0-cb+cp/result/default-random-512x128-4qps-200p.json,20260328-195750,Llama-3.1-8B,8B,NVIDIA-H200,vllm-0.18.0-cb+cp,cb+cp,default,random,512,128,4.0,200,200,0,50.82825372368097,102200,25600,3.934819423214212,,503.65688617141916,2514.349611433882,1140.0,15,27.502102917060256,26.942136697471142,5.083113331486132,26.942136697471142,34.65331331826741,41.8418843485415,6.610030610752329,6.605265387077266,0.2699778282934069,6.605265387077266,7.075497977376923,7.2076696646583125,6.610032143621288,6.278354674577713,1.9545183730528248,6.278354674577713,6.677343184128404,18.097416488453746,866.975990482606,867.4947055988014,35.06032766736323,867.4947055988014,924.4217498227954,941.6613859497011
bench/bench_results/Llama-3.1-8B/NVIDIA-H200/vllm-0.18.0-cb+cp/result/default-random-512x128-8qps-200p.json,20260328-195917,Llama-3.1-8B,8B,NVIDIA-H200,vllm-0.18.0-cb+cp,cb+cp,default,random,512,128,8.0,200,200,0,25.851410313509405,102200,25600,7.7365218212286155,,990.2747931172628,4943.637443765086,1732.0,24,29.140389505773783,27.804122772067785,5.914816302432624,27.804122772067785,40.054191602393985,50.67090853117404,7.156980839763277,7.105675782627008,0.3103514585928449,7.105675782627008,7.678848771583729,7.869654720003797,7.156982318439528,6.511334795504808,2.7748053871474787,6.511334795504808,17.895761178806424,18.412063792347908,938.0769561557099,930.7338939979672,39.553190630398205,930.7338939979672,1001.1762377806008,1027.1304979268461
bench/bench_results/Llama-3.1-8B/NVIDIA-H200/vllm-0.18.0-cb+cp/result/default-random-768x192-2qps-200p.json,20260328-194904,Llama-3.1-8B,8B,NVIDIA-H200,vllm-0.18.0-cb+cp,cb+cp,default,random,768,192,2.0,200,200,0,101.25774021912366,153400,38400,1.9751576478716217,,379.2302683913514,1894.1761843088852,964.0,12,34.83747813850641,34.22156535089016,5.473346774504853,34.22156535089016,39.61071036756031,51.519377529621124,6.600420819107852,6.569846972081986,0.2551199489038298,6.569846972081986,7.069333880184053,7.2635890119733455,6.600421898759395,6.335705053061247,2.0598707485745194,6.335705053061247,6.709790835157037,23.828885182738304,1295.5178545881063,1290.999705903232,49.220894905599586,1290.999705903232,1384.4036670401692,1423.9866308122873
bench/bench_results/Llama-3.1-8B/NVIDIA-H200/vllm-0.18.0-cb+cp/result/default-random-768x32-2qps-200p.json,20260328-194346,Llama-3.1-8B,8B,NVIDIA-H200,vllm-0.18.0-cb+cp,cb+cp,default,random,768,32,2.0,200,200,0,100.21436293516308,153400,6400,1.99572191193189,,63.86310118182048,1594.5818076335802,221.0,9,29.641591724939644,27.34960988163948,5.7493215268594176,27.34960988163948,35.512599349021905,48.29872333444653,6.340978171886696,6.090275763023285,0.43980182791427647,6.090275763023285,7.345000077639856,7.492061963064531,6.340984950713333,6.031794007867575,1.9964907801831253,6.031794007867575,6.431008037179708,23.386526303365827,226.21191505342722,220.9974150173366,15.222247654147832,220.9974150173366,256.9055486470461,273.76133896410465
bench/bench_results/Llama-3.1-8B/NVIDIA-H200/vllm-0.18.0-cb+pc/result/default-random-128x128-2qps-200p.json,20260328-205545,Llama-3.1-8B,8B,NVIDIA-H200,vllm-0.18.0-cb+pc,cb+pc,default,random,128,128,2.0,200,200,0,100.80858329497278,25400,25600,1.9839580466554756,,253.94662997190088,505.9093018971463,837.0,9,15.944828893989325,15.731104649603367,4.477098243965909,15.731104649603367,19.148719450458884,20.036715976893877,6.269421606603276,6.2774588119267944,0.1130542131529622,6.2774588119267944,6.424445929152407,6.514946950496886,6.269423176761805,6.243233568966389,0.3082829257230924,6.243233568966389,6.478168210014701,8.56758063659072,812.1613729326054,813.5528261773288,15.746194968706703,813.5528261773288,833.7660674937069,846.147049413994
bench/bench_results/Llama-3.1-8B/NVIDIA-H200/vllm-0.18.0-cb+pc/result/default-random-128x512-2qps-200p.json,20260328-210115,Llama-3.1-8B,8B,NVIDIA-H200,vllm-0.18.0-cb+pc,cb+pc,default,random,128,512,2.0,200,200,0,103.33016591519117,25400,102400,1.9355432000772277,,990.9981184395406,1236.8121048493485,2077.0,16,17.696984470821917,17.574547324329615,4.289989230706978,17.574547324329615,20.249659242108464,23.115784116089273,6.5182697586350695,6.519507634983837,0.05050702232969714,6.519507634983837,6.612175839101994,6.628818717783357,6.51827014543466,6.483691278845072,0.3096884095301209,6.483691278845072,6.721795815974474,8.70814478956163,3348.5328311333433,3348.198662046343,25.68471941282334,3348.198662046343,3396.1846865713596,3405.782451350242
bench/bench_results/Llama-3.1-8B/NVIDIA-H200/vllm-0.18.0-cb+pc/result/default-random-512x128-16qps-200p.json,20260328-211548,Llama-3.1-8B,8B,NVIDIA-H200,vllm-0.18.0-cb+pc,cb+pc,default,random,512,128,16.0,200,200,0,13.392994746565819,102200,25600,14.933179903716699,,1911.4470276757374,9542.30195847497,2654.0,45,33.605346670374274,30.732869170606136,8.473375540050986,30.732869170606136,52.288352698087664,60.585726937279055,8.540163612191192,8.664229690412602,0.7030870888730241,8.664229690412602,9.583241526609447,9.873061471904707,8.540165041624679,7.074484135955572,4.440089850531022,7.074484135955572,19.048319291323423,29.894056310877193,1118.2061254186556,1128.091141115874,90.45529602152062,1128.091141115874,1261.8250348605216,1285.427568219602
bench/bench_results/Llama-3.1-8B/NVIDIA-H200/vllm-0.18.0-cb+pc/result/default-random-512x128-1qps-200p.json,20260328-210824,Llama-3.1-8B,8B,NVIDIA-H200,vllm-0.18.0-cb+pc,cb+pc,default,random,512,128,1.0,200,200,0,200.79354026447982,102200,25600,0.9960479791160881,,127.49414132685928,636.4746586551803,539.0,7,23.499771016649902,22.95697759836912,5.285639021911731,22.95697759836912,28.991918731480837,33.76119965687393,6.121763070443953,6.100080606681624,0.15756638267778342,6.100080606681624,6.411886400007826,6.49237973226865,6.121764756761139,6.074309349060059,0.8798926691698411,6.074309349060059,6.291664158925414,6.599895777180791,800.963680963032,799.630447756499,21.699289480726,799.630447756499,840.9378321375698,851.4311036188155
bench/bench_results/Llama-3.1-8B/NVIDIA-H200/vllm-0.18.0-cb+pc/result/default-random-512x128-2qps-200p.json,20260328-211108,Llama-3.1-8B,8B,NVIDIA-H200,vllm-0.18.0-cb+pc,cb+pc,default,random,512,128,2.0,200,200,0,100.81201808340847,102200,25600,1.9838904507846151,,253.93797770043074,1267.705998051369,814.0,9,25.979120298288763,25.92581743374467,5.358946502240692,25.92581743374467,30.017273174598813,36.04810179211198,6.36720707717051,6.349868298779557,0.22851612092905424,6.349868298779557,6.774120164419135,7.014996497415183,6.367208659062236,6.216639187186956,1.3339179614749872,6.216639187186956,6.554352957755327,17.78019064106047,834.6144190989435,832.2192276827991,30.331083816128142,832.2192276827991,887.0784057769923,916.5756165608764
bench/bench_results/Llama-3.1-8B/NVIDIA-H200/vllm-0.18.0-cb+pc/result/default-random-512x128-4qps-200p.json,20260328-211302,Llama-3.1-8B,8B,NVIDIA-H200,vllm-0.18.0-cb+pc,cb+pc,default,random,512,128,4.0,200,200,0,50.85530663933605,102200,25600,3.9327262623425434,,503.38896157984556,2513.0120816368853,1130.0,15,29.94421495590359,27.544612530618906,22.825446247742143,27.544612530618906,38.52778263390062,78.29094252549065,6.859766963620002,6.751173575533422,0.5573810044731894,6.751173575533422,7.353560539241147,9.497228903901272,6.8597685296719115,6.435555871576071,5.550628117441328,6.435555871576071,6.82633938267827,18.223825599998236,901.134619335644,887.2317145578563,73.73307643358378,887.2317145578563,965.4129448812454,1232.5015999283642
bench/bench_results/Llama-3.1-8B/NVIDIA-H200/vllm-0.18.0-cb+pc/result/default-random-512x128-8qps-200p.json,20260328-211432,Llama-3.1-8B,8B,NVIDIA-H200,vllm-0.18.0-cb+pc,cb+pc,default,random,512,128,8.0,200,200,0,25.860746600665152,102200,25600,7.733728770029241,,989.9172825637429,4941.852684048686,1732.0,24,29.723094296641648,28.696966357529163,5.677054232503977,28.696966357529163,39.82546762563288,48.04261035285885,7.239432969482572,7.188797833060655,0.3133648140507017,7.188797833060655,7.746523279535372,7.955832804120549,7.239434451458785,6.588997785001993,2.801689683357912,6.588997785001993,17.973664728924632,18.499337742105126,949.1310814209282,943.187216296792,39.93697690814903,943.187216296792,1012.6488828565925,1039.2168538179246
bench/bench_results/Llama-3.1-8B/NVIDIA-H200/vllm-0.18.0-cb+pc/result/default-random-768x192-2qps-200p.json,20260328-210400,Llama-3.1-8B,8B,NVIDIA-H200,vllm-0.18.0-cb+pc,cb+pc,default,random,768,192,2.0,200,200,0,101.26644264627248,153400,38400,1.9749879108384163,,379.19767888097596,1894.0134064940414,960.0,12,33.379045841284096,32.697119284421206,5.577759348623903,32.697119284421206,38.12539400532834,50.680958647280924,6.6408739153159235,6.608130086057318,0.26409800516688375,6.608130086057318,7.112517653530492,7.3081993820213995,6.640874941014143,6.3894703052937984,2.0306601949854217,6.3894703052937984,6.744941929355264,23.630336765199903,1301.7859636666253,1298.8048931583762,51.02704487626989,1298.8048931583762,1394.4969327189028,1429.8877664189786
bench/bench_results/Llama-3.1-8B/NVIDIA-H200/vllm-0.18.0-cb+pc/result/default-random-768x32-2qps-200p.json,20260328-205829,Llama-3.1-8B,8B,NVIDIA-H200,vllm-0.18.0-cb+pc,cb+pc,default,random,768,32,2.0,200,200,0,100.2167063895613,153400,6400,1.9956752442308587,,63.86160781538748,1594.5445201404561,221.0,9,29.944604425691068,27.608776465058327,6.189972579127101,27.608776465058327,35.459563788026564,47.910789484158144,6.378836783490354,6.147438254688055,0.42596412581357196,6.147438254688055,7.366344835909624,7.5530902476560655,6.378843685642125,6.08932226896286,1.9784869423013542,6.08932226896286,6.465487834066152,23.397673731669784,227.68854471389204,222.61859849095345,14.768218800414388,222.61859849095345,256.39562788419425,275.21260668523604
bench/bench_results/Llama-3.1-8B/NVIDIA-H200/vllm-0.18.0-default/result/default-random-128x128-2qps-200p.json,20260328-140344,Llama-3.1-8B,8B,NVIDIA-H200,vllm-0.18.0-default,default,default,random,128,128,2.0,200,200,0,100.74737649504095,25400,25600,1.9851633556913963,,254.10090952849873,506.216655701306,868.0,9,36.05448531918228,20.267497282475233,141.8113668319401,20.267497282475233,23.17950427532196,572.5984678044873,5.532695078804326,5.559124210189411,0.08962133289735262,5.559124210189411,5.641106262759078,5.798244564024013,5.532696659852729,5.541968159377575,0.4773077349482796,5.541968159377575,5.645682662725449,7.492859633639455,738.7067603273317,725.3313614055514,146.28319206726104,725.3313614055514,737.6400697976351,1308.116405205797
bench/bench_results/Llama-3.1-8B/NVIDIA-H200/vllm-0.18.0-default/result/default-random-128x512-2qps-200p.json,20260328-140902,Llama-3.1-8B,8B,NVIDIA-H200,vllm-0.18.0-default,default,default,random,128,512,2.0,200,200,0,102.90849072672427,25400,102400,1.9434742321807472,,995.0588068765426,1241.8800343634975,2223.0,15,21.97049762122333,21.61571430042386,4.106136821094932,21.61571430042386,24.852486746385694,28.568735467269992,5.643876527350417,5.645412484224003,0.038144400827099106,5.645412484224003,5.7033285365573,5.71147035153076,5.643876913083816,5.623762961477041,0.27497042789910237,5.623762961477041,5.819717328995465,7.54466254264116,2905.991403097287,2906.8448171019554,19.4412539111079,2906.8448171019554,2935.1914655882865,2941.3755191024393
bench/bench_results/Llama-3.1-8B/NVIDIA-H200/vllm-0.18.0-default/result/default-random-512x128-16qps-200p.json,20260328-142259,Llama-3.1-8B,8B,NVIDIA-H200,vllm-0.18.0-default,default,default,random,512,128,16.0,200,200,0,13.268078653141856,102200,25600,15.073772565603564,,1929.4428883972562,9632.140669420678,2657.0,42,37.70811202470213,34.664766397327185,7.71387261506746,34.664766397327185,51.99674880132079,60.06031471304591,7.126003000738583,7.141975447623514,0.5545261691627773,7.141975447623514,8.134689149776781,8.350296558621595,7.126004464308343,5.959788803011179,2.8973044711961733,5.959788803011179,12.199127301573753,17.85404366441071,942.7104931185022,942.4700979143381,71.60465442154364,942.4700979143381,1070.4054109752176,1103.0835468228906
bench/bench_results/Llama-3.1-8B/NVIDIA-H200/vllm-0.18.0-default/result/default-random-512x128-1qps-200p.json,20260328-141600,Llama-3.1-8B,8B,NVIDIA-H200,vllm-0.18.0-default,default,default,random,512,128,1.0,200,200,0,200.72530724387616,102200,25600,0.9963865680225616,,127.53748070688789,636.6910169664169,542.0,7,26.26936610788107,22.287978790700436,6.508210658972293,22.287978790700436,34.01622669771314,34.726088065654,5.5168137735298535,5.510601204064653,0.1454647759364393,5.510601204064653,5.771582869182187,5.852270865020907,5.516815503333204,5.439366213977337,0.6046365923653108,5.439366213977337,5.685965484008193,7.112646466121047,726.9047153461725,726.3426179997623,20.786997330193536,726.3426179997623,763.5473062749952,764.7838413808495
bench/bench_results/Llama-3.1-8B/NVIDIA-H200/vllm-0.18.0-default/result/default-random-512x128-2qps-200p.json,20260328-141838,Llama-3.1-8B,8B,NVIDIA-H200,vllm-0.18.0-default,default,default,random,512,128,2.0,200,200,0,100.73739751800895,102200,25600,1.9853600046025186,,254.12608058912238,1268.6450429410095,859.0,9,29.19562816619873,30.256289523094893,5.800514581396064,30.256289523094893,33.99792811833322,38.456553863361464,5.665786261046965,5.656181698973019,0.1704434311215562,5.656181698973019,5.958975294208901,6.136305917230413,5.665787856211871,5.563640501350164,0.8774243456290944,5.563640501350164,5.803466960787773,11.511137150228018,748.7504833191633,748.8549035042524,23.450425363812357,748.8549035042524,789.1256030183285,809.783490113914
bench/bench_results/Llama-3.1-8B/NVIDIA-H200/vllm-0.18.0-default/result/default-random-512x128-4qps-200p.json,20260328-142025,Llama-3.1-8B,8B,NVIDIA-H200,vllm-0.18.0-default,default,default,random,512,128,4.0,200,200,0,50.75083233229816,102200,25600,3.940822067517476,,504.4252246422369,2518.185301143667,1180.0,15,31.088865846395493,30.556689482182264,5.376431805215451,30.556689482182264,36.63700553588566,45.12703255750238,5.899317686438678,5.879312526346661,0.22641744736590455,5.879312526346661,6.301302414050135,6.436761285611024,5.899319221947606,5.6160190142691135,1.2862186219788052,5.6160190142691135,6.476104073226448,11.664660330861805,780.3022120241076,776.7066536471248,29.74130168303233,776.7066536471248,831.3911742065102,850.1010807603598
bench/bench_results/Llama-3.1-8B/NVIDIA-H200/vllm-0.18.0-default/result/default-random-512x128-8qps-200p.json,20260328-142148,Llama-3.1-8B,8B,NVIDIA-H200,vllm-0.18.0-default,default,default,random,512,128,8.0,200,200,0,25.75700679793954,102200,25600,7.764877400894239,,993.9043073144626,4961.7566591714185,1790.0,22,33.75977498013526,32.14780706912279,6.505421390306536,32.14780706912279,45.479085948318236,59.536017812788394,6.266577969979877,6.231055620647087,0.2771965303563742,6.231055620647087,6.715714535125949,6.951730013641668,6.266579424493073,5.739839281886816,1.908514311777474,5.739839281886816,11.351947952061892,11.889241142198438,829.6151771675795,828.0389700084925,35.442308271164386,828.0389700084925,890.4355838429183,915.9874601103365
bench/bench_results/Llama-3.1-8B/NVIDIA-H200/vllm-0.18.0-default/result/default-random-768x192-2qps-200p.json,20260328-141141,Llama-3.1-8B,8B,NVIDIA-H200,vllm-0.18.0-default,default,default,random,768,192,2.0,200,200,0,101.11826554592699,153400,38400,1.9778820267557085,,379.75334913709605,1896.7888636587245,1058.0,12,37.84111001994461,37.36391244456172,5.807158188766996,37.36391244456172,47.200166108086684,54.32819087989627,5.827022693339365,5.801273390397196,0.20824685355637315,5.801273390397196,6.225224221807889,6.354252340038019,5.827023797858682,5.620660725980997,1.3864049804884897,5.620660725980997,5.969975190237164,15.602558609098198,1150.8024444477633,1145.949564408511,40.917644398983654,1145.949564408511,1226.1038333177567,1253.6428868211804
bench/bench_results/Llama-3.1-8B/NVIDIA-H200/vllm-0.18.0-default/result/default-random-768x32-2qps-200p.json,20260328-140623,Llama-3.1-8B,8B,NVIDIA-H200,vllm-0.18.0-default,default,default,random,768,32,2.0,200,200,0,100.19296773243695,153400,6400,1.9961480783171874,,63.87673850615,1594.922314575433,218.0,7,33.65533203352243,29.85949581488967,16.876454905664207,29.85949581488967,40.83419335074723,48.286340516060534,5.583833285547313,5.369670448764678,0.4082186852976028,5.369670448764678,6.438736536449962,6.706635252602635,5.583840409714368,5.357738118618727,1.423110501947293,5.357738118618727,5.782974231988192,15.136540271341804,206.7541638854891,200.67336689680815,21.187545939008864,200.67336689680815,232.99791370518506,250.21531731821594
bench/bench_results/Llama-3.1-8B/NVIDIA-H200/vllm-0.18.0-no-opts/result/default-random-128x128-2qps-200p.json,20260328-161923,Llama-3.1-8B,8B,NVIDIA-H200,vllm-0.18.0-no-opts,no-opts,default,random,128,128,2.0,200,200,0,155.9286446981132,25400,25600,1.2826379680732265,,164.177659913373,327.07268185867275,166.0,73,27130.99407167174,30862.99339076504,16323.910999101085,30862.99339076504,50972.26172802038,53909.14398668333,6.011775956254482,6.008722753388676,0.01438612759311959,6.008722753388676,6.029605062854455,6.060955634516641,6.0122510683340336,6.002172362059355,0.11047302595886523,6.002172362059355,6.072867894545197,6.366269290447235,27894.48961811606,31626.133306883276,16323.626211843997,31626.133306883276,51736.23753935098,54672.70422355271
bench/bench_results/Llama-3.1-8B/NVIDIA-H200/vllm-0.18.0-no-opts/result/default-random-128x512-2qps-200p.json,20260328-163339,Llama-3.1-8B,8B,NVIDIA-H200,vllm-0.18.0-no-opts,no-opts,default,random,128,512,2.0,200,200,0,626.1596237830818,25400,102400,0.31940737218355886,,163.53657455798214,204.10131082529412,167.0,169,257762.31679470278,261215.32720979303,150438.3587667595,261215.32720979303,489019.41921608517,517255.14954643324,6.084396367775979,6.021467681770048,0.574203572472951,6.021467681770048,6.11667606310733,6.8280335126440885,6.091489618871345,6.019888445734978,11.04680432308774,6.019888445734978,6.121454760432243,6.328986585140228,260871.4433386363,264291.3301642984,150481.78923784522,264291.3301642984,493424.9659464694,520332.5541718769
bench/bench_results/Llama-3.1-8B/NVIDIA-H200/vllm-0.18.0-no-opts/result/default-random-512x128-16qps-200p.json,20260328-170142,Llama-3.1-8B,8B,NVIDIA-H200,vllm-0.18.0-no-opts,no-opts,default,random,512,128,16.0,200,200,0,156.40255105122924,102200,25600,1.2787515207120281,,163.6801946511396,817.1222217349859,165.0,185,71536.32497659884,72052.19717370346,41535.4733747168,72052.19717370346,135794.82653872107,141614.18099498376,6.040661408800603,6.026117175113497,0.033966577186254523,6.026117175113497,6.120626663231826,6.13013506940324,6.041138717729115,6.027361378073692,0.10915525987962452,6.027361378073692,6.134010292589664,6.327461320906877,72303.48897551652,72816.40600599349,41535.112335227306,72816.40600599349,136562.25743903778,142391.25486840494
bench/bench_results/Llama-3.1-8B/NVIDIA-H200/vllm-0.18.0-no-opts/result/default-random-512x128-1qps-200p.json,20260328-164700,Llama-3.1-8B,8B,NVIDIA-H200,vllm-0.18.0-no-opts,no-opts,default,random,512,128,1.0,200,200,0,202.81020220648497,102200,25600,0.9861436842135591,,126.22639157933557,630.1458142124643,165.0,9,1372.9352457774803,795.7857572473586,1458.0470765661235,795.7857572473586,4278.030980518088,4897.372741112485,6.038732529456514,6.024945530981764,0.034423886223979475,6.024945530981764,6.118708457357771,6.1268856191611665,6.038734250826629,6.023865193128586,0.07290437121095712,6.023865193128586,6.1315440107136965,6.3432771991938335,2139.8542770184577,1559.8868429660797,1458.5696577933109,1559.8868429660797,5049.0177653264245,5662.571225184946
bench/bench_results/Llama-3.1-8B/NVIDIA-H200/vllm-0.18.0-no-opts/result/default-random-512x128-2qps-200p.json,20260328-165037,Llama-3.1-8B,8B,NVIDIA-H200,vllm-0.18.0-no-opts,no-opts,default,random,512,128,2.0,200,200,0,156.5783705562353,102200,25600,1.2773156297993902,,163.49640061432194,816.2046874418103,165.0,74,27358.173168338835,31104.756036307663,16550.28925853692,31104.756036307663,51582.86156626417,54580.8022399526,6.034160719517119,6.017506940246332,0.03574182106185088,6.017506940246332,6.114743809457722,6.121282225152052,6.034637568353508,6.020205095410347,0.1275129975831799,6.020205095410347,6.127381976693869,6.308374991640448,28124.51157971751,31868.579611647874,16550.72428161072,31868.579611647874,52358.4895923268,55345.71331275626
bench/bench_results/Llama-3.1-8B/NVIDIA-H200/vllm-0.18.0-no-opts/result/default-random-512x128-4qps-200p.json,20260328-165428,Llama-3.1-8B,8B,NVIDIA-H200,vllm-0.18.0-no-opts,no-opts,default,random,512,128,4.0,200,200,0,156.45420842524618,102200,25600,1.2783293080643465,,163.62615143223636,816.8524278531174,165.0,138,52612.11766215507,54553.37827606127,30804.11611805448,54553.37827606127,99685.1937856525,104297.98102367668,6.036477335508708,6.023593760264201,0.0323453107622498,6.023593760264201,6.118918467298385,6.1254780720479385,6.036954332447863,6.0229673981666565,0.1255854932690046,6.0229673981666565,6.130384095013142,6.3651174772530785,53378.750283764675,55317.867973819375,30803.779573980395,55317.867973819375,100461.09245154074,105061.69872685336
bench/bench_results/Llama-3.1-8B/NVIDIA-H200/vllm-0.18.0-no-opts/result/default-random-512x128-8qps-200p.json,20260328-165805,Llama-3.1-8B,8B,NVIDIA-H200,vllm-0.18.0-no-opts,no-opts,default,random,512,128,8.0,200,200,0,156.541220812127,102200,25600,1.2776187572986293,,163.53520093422455,816.3983859138241,165.0,170,65259.85630044714,66206.19157608598,37993.020807308065,66206.19157608598,123875.59797372669,129289.18385898694,6.0439553886549335,6.029172180821811,0.03524495324429607,6.029172180821811,6.126840347350817,6.133466489451725,6.044671034972342,6.027551367878914,0.1511094538880314,6.027551367878914,6.137874163687229,6.386950239539147,66027.43863480631,66970.80657072365,37993.10991948231,66970.80657072365,124640.72112902066,130067.97699986956
bench/bench_results/Llama-3.1-8B/NVIDIA-H200/vllm-0.18.0-no-opts/result/default-random-768x192-2qps-200p.json,20260328-164235,Llama-3.1-8B,8B,NVIDIA-H200,vllm-0.18.0-no-opts,no-opts,default,random,768,192,2.0,200,200,0,235.9784014262259,153400,38400,0.8475351930143749,,162.72675705875997,812.7862501007855,166.0,116,66917.7983409632,70722.16949146241,39376.12467234192,70722.16949146241,126651.09855569898,132781.14107737318,6.051987604681813,6.047301211379741,0.014244884047132192,6.047301211379741,6.07268919641669,6.0958764698180845,6.052147139958696,6.048430688679218,0.0831784035535598,6.048430688679218,6.103175226598978,6.237962022423744,68073.72797345743,71879.4982675463,39376.40385261322,71879.4982675463,127807.8674158547,133936.13946245052
bench/bench_results/Llama-3.1-8B/NVIDIA-H200/vllm-0.18.0-no-opts/result/default-random-768x32-2qps-200p.json,20260328-162212,Llama-3.1-8B,8B,NVIDIA-H200,vllm-0.18.0-no-opts,no-opts,default,random,768,32,2.0,200,200,0,100.45165950711817,153400,6400,1.9910074256745125,,63.7122376215844,1590.8149331139355,155.0,8,100.90973006095737,27.84179663285613,125.9533811448857,27.84179663285613,361.4543193485587,573.8568707276135,6.03880158940991,6.032624342028171,0.023001770704034002,6.032624342028171,6.072224153866691,6.127515217709926,6.038808720336566,6.037586834281683,0.10279538444006207,6.037586834281683,6.160427536815405,6.34388841688633,288.1125793326646,215.07096150889993,126.05603529110826,215.07096150889993,549.0848101675509,761.016917861998
bench/bench_results/Llama-3.2-3B/NVIDIA-H200/vllm-0.18.0-all+q/result/default-random-128x128-2qps-200p.json,20260330-194347,Llama-3.2-3B,3B,NVIDIA-H200,vllm-0.18.0-all+q,all+q,default,random,128,128,2.0,200,200,0,100.86323189921677,25400,25600,1.982883120380689,,253.80903940872818,505.6351956970757,1223.0,15,105.45696374960244,22.568354848772287,364.00385095903613,22.568354848772287,711.2155572045583,2209.1749108210192,7.3429544062140994,7.635404326490999,3.9180612893284126,7.635404326490999,7.7596407339680855,26.496609060284424,7.342955988545822,7.620443124324083,37.424555004061226,7.620443124324083,7.800533203408122,8.976020133122802,1038.0121733387932,993.7833547592163,622.2827926578882,993.7833547592163,2766.773258615278,3386.6268095653504
bench/bench_results/Llama-3.2-3B/NVIDIA-H200/vllm-0.18.0-all+q/result/default-random-128x512-2qps-200p.json,20260330-194916,Llama-3.2-3B,3B,NVIDIA-H200,vllm-0.18.0-all+q,all+q,default,random,128,512,2.0,200,200,0,103.84067412745208,25400,102400,1.9260275578962804,,986.1261096428956,1230.7316094957232,1927.0,18,26.725075161084533,25.860818102955818,5.997139929951499,25.860818102955818,29.874339932575822,61.01423087529833,7.742587921215102,7.748952005131429,0.10381771289530087,7.748952005131429,7.8451676189411,7.860827773204347,7.742588299949911,7.73422559723258,0.6832813043758157,7.73422559723258,7.925369264557957,9.082447504624723,3983.187502902001,3986.885676626116,50.54981941893701,3986.885676626116,4038.484563026577,4045.0502369552855
bench/bench_results/Llama-3.2-3B/NVIDIA-H200/vllm-0.18.0-all+q/result/default-random-512x128-16qps-200p.json,20260330-200319,Llama-3.2-3B,3B,NVIDIA-H200,vllm-0.18.0-all+q,all+q,default,random,512,128,16.0,200,200,0,13.587083348073065,102200,25600,14.719862598646987,,1884.1424126268143,9405.992200535426,2685.0,52,63.059315187856555,62.45777476578951,17.006775368458108,62.45777476578951,90.99970059469338,103.21753249503669,11.183206656742401,11.3682967544658,0.9881366846088884,11.3682967544658,12.529753081089867,12.6805616481831,11.183208097799087,8.248189929872751,9.174635250894159,8.248189929872751,32.76536809280515,33.65103633143007,1483.3265605941415,1510.8303967863321,126.0031788594081,1510.8303967863321,1649.4736582972107,1673.9679440576583
bench/bench_results/Llama-3.2-3B/NVIDIA-H200/vllm-0.18.0-all+q/result/default-random-512x128-1qps-200p.json,20260330-195614,Llama-3.2-3B,3B,NVIDIA-H200,vllm-0.18.0-all+q,all+q,default,random,512,128,1.0,200,200,0,200.72561342362314,102200,25600,0.9963850481697532,,127.5372861657284,636.6900457804722,518.0,7,29.10644635092467,19.290417432785034,13.382718545709094,19.290417432785034,46.57228952273726,71.410458702594,5.445985524570496,5.180109515932836,1.7544006746136764,5.180109515932836,7.984122619267523,8.166299717002143,5.445987207221059,3.6742473021149635,2.7317941548148164,3.6742473021149635,7.724240003153682,8.039838867262006,720.7466079713777,685.9538718126714,231.02463686120163,685.9538718126714,1055.7063333224505,1079.3828088603914
bench/bench_results/Llama-3.2-3B/NVIDIA-H200/vllm-0.18.0-all+q/result/default-random-512x128-2qps-200p.json,20260330-195854,Llama-3.2-3B,3B,NVIDIA-H200,vllm-0.18.0-all+q,all+q,default,random,512,128,2.0,200,200,0,100.88491543661803,102200,25600,1.9824569325793016,,253.7544873701506,1266.7899799181737,708.0,10,39.7857579914853,42.128514032810926,14.280233053324947,42.128514032810926,68.39393931441003,76.75591513514519,6.953680868311896,7.807634228209811,1.627142348361489,7.807634228209811,8.45592620811887,8.798761230739435,6.953682463660132,7.656957022845745,3.5947154847794653,7.656957022845745,7.936672540381551,31.803358355537053,922.903228267096,1038.0399790592492,214.80331148126268,1038.0399790592492,1126.1648738756776,1154.4832148309797
bench/bench_results/Llama-3.2-3B/NVIDIA-H200/vllm-0.18.0-all+q/result/default-random-512x128-4qps-200p.json,20260330-200043,Llama-3.2-3B,3B,NVIDIA-H200,vllm-0.18.0-all+q,all+q,default,random,512,128,4.0,200,200,0,50.98205605801195,102200,25600,3.9229488856318797,,502.1374573608806,2506.764337918771,1138.0,16,47.11292987689376,43.978748843073845,12.000931448794619,43.978748843073845,72.61035908013581,84.02252195402968,8.231877220508562,8.25302010240752,0.7269748852263166,8.25302010240752,9.141735625856622,9.32121070747183,8.231878718801253,7.757007144391537,4.505389996418338,7.757007144391537,8.157344348728655,31.775888064876195,1092.561336881481,1100.4471043124795,94.96877856262446,1100.4471043124795,1202.227973472327,1239.967062920332
bench/bench_results/Llama-3.2-3B/NVIDIA-H200/vllm-0.18.0-all+q/result/default-random-512x128-8qps-200p.json,20260330-200207,Llama-3.2-3B,3B,NVIDIA-H200,vllm-0.18.0-all+q,all+q,default,random,512,128,8.0,200,200,0,26.027746290899813,102200,25600,7.684107481481284,,983.5657576296044,4910.144680666541,1619.0,29,53.866958753205836,46.652010176330805,14.388350160704398,46.652010176330805,79.15055379271507,90.21515757776794,9.134058982397864,9.10228422996918,0.5676511582480227,9.10228422996918,10.008767235100153,10.438332069650524,9.134060443987645,7.841924205422401,6.381738847768287,7.841924205422401,31.843227753415707,32.58000781759618,1213.8924495177343,1214.0416507609189,73.18110248827729,1214.0416507609189,1338.4188185445964,1384.0595979522911
bench/bench_results/Llama-3.2-3B/NVIDIA-H200/vllm-0.18.0-all+q/result/default-random-768x192-2qps-200p.json,20260330-195156,Llama-3.2-3B,3B,NVIDIA-H200,vllm-0.18.0-all+q,all+q,default,random,768,192,2.0,200,200,0,101.40135258063674,153400,38400,1.972360278340028,,378.6931734412854,1891.4935069280868,947.0,12,47.109753508120775,43.72897883877158,10.053440070268211,43.72897883877158,72.8471292182803,77.62065826915205,7.654856845044106,7.9771405407739575,1.0267611992491226,7.9771405407739575,8.529857637272924,8.645580253412664,7.654857878227041,7.7267661690711975,3.381314049645804,7.7267661690711975,8.027012599632142,31.800990477204326,1509.1874109115452,1568.7565635889769,197.6499868980646,1568.7565635889769,1678.248632652685,1706.8388954643158
bench/bench_results/Llama-3.2-3B/NVIDIA-H200/vllm-0.18.0-all+q/result/default-random-768x32-2qps-200p.json,20260330-194635,Llama-3.2-3B,3B,NVIDIA-H200,vllm-0.18.0-all+q,all+q,default,random,768,32,2.0,200,200,0,100.15453835204244,153400,6400,1.9969140020095897,,63.90124806430687,1595.5342876056623,236.0,9,44.66206816956401,40.72451125830412,10.242934484372704,40.72451125830412,71.16437540389596,78.66326156072311,5.114742334211065,3.6344366869138134,1.8875866228032014,3.6344366869138134,8.747518827177343,9.00866455909225,5.114749179431988,3.669255878776312,3.461104927924566,3.669255878776312,7.729293312877416,31.62367061711848,203.21908053010702,155.33657930791378,63.73132435971511,155.33657930791378,320.69880580529565,341.53988101519644
bench/bench_results/Llama-3.2-3B/NVIDIA-H200/vllm-0.18.0-all+sd(1B)/result/default-random-128x128-2qps-200p.json,20260330-220412,Llama-3.2-3B,3B,NVIDIA-H200,vllm-0.18.0-all+sd(1B),all+sd(1B),default,random,128,128,2.0,200,200,0,101.95303862169385,25400,25600,1.961687485766054,,251.0959981780549,500.2303088703438,197.0,10,78.46825874876231,78.605514485389,10.399230015320063,78.605514485389,94.71128154546022,97.92651968076825,7.723325795501354,6.641364737054494,2.796737602485364,6.641364737054494,14.186406170758675,16.14360395606282,29.097080332243902,28.98026444017887,1.579028218522604,28.98026444017887,32.2420472279191,35.48088845796883,1059.3306347774342,927.1088978275657,355.4247198834148,927.1088978275657,1874.4143852964041,2131.2897314503757
bench/bench_results/Llama-3.2-3B/NVIDIA-H200/vllm-0.18.0-all+sd(1B)/result/default-random-128x512-2qps-200p.json,20260330-220933,Llama-3.2-3B,3B,NVIDIA-H200,vllm-0.18.0-all+sd(1B),all+sd(1B),default,random,128,512,2.0,200,200,0,102.52733373548836,25400,102400,1.950699318056809,,998.7580508450862,1246.496864238301,430.0,16,79.9811992701143,80.07970033213496,9.357245247949882,80.07970033213496,93.45715520903468,102.65193512663241,5.629829413170056,5.226208921339646,1.0781049418588293,5.226208921339646,7.795827529063254,10.017203509574298,28.76986880010933,28.455964289605618,1.2767147542527437,28.455964289605618,31.434817425906655,34.98800002038479,2956.8240294000134,2753.639787901193,550.3316621117908,2753.639787901193,4074.2777393199494,5189.495008187368
bench/bench_results/Llama-3.2-3B/NVIDIA-H200/vllm-0.18.0-all+sd(1B)/result/default-random-512x128-16qps-200p.json,20260330-222339,Llama-3.2-3B,3B,NVIDIA-H200,vllm-0.18.0-all+sd(1B),all+sd(1B),default,random,512,128,16.0,200,200,0,14.265460854396224,102200,25600,14.019876542464836,,1794.544197435499,8958.701110635031,717.0,47,97.8913663001731,97.28287812322378,14.293060928189352,97.28287812322378,117.9619352798909,157.53451013006264,8.727284606186835,8.03415620640859,2.55772217742842,8.03415620640859,15.227697057810825,16.477525650897597,32.53677753537771,29.48725037276745,4.967261558804629,29.48725037276745,38.46935257315636,44.62714172899723,1206.256511285901,1112.7817840315402,324.35290123293964,1112.7817840315402,2019.5277700666331,2187.7550838142633
bench/bench_results/Llama-3.2-3B/NVIDIA-H200/vllm-0.18.0-all+sd(1B)/result/default-random-512x128-1qps-200p.json,20260330-221632,Llama-3.2-3B,3B,NVIDIA-H200,vllm-0.18.0-all+sd(1B),all+sd(1B),default,random,512,128,1.0,200,200,0,200.81511147134006,102200,25600,0.9959409853901539,,127.4804461299397,636.4062896643082,139.0,8,79.95635985396802,78.20357335731387,11.840425789157795,78.20357335731387,98.43556615523994,103.91675619408487,7.694533212535729,6.6761917867294445,2.759539372338657,6.6761917867294445,14.388934305803042,16.381819536396133,27.836659452692892,27.93801762163639,2.5033888000634774,27.93801762163639,32.45524037629366,37.14645057916641,1057.1620778460056,929.9399359151721,350.5575581935698,929.9399359151721,1895.2328967861827,2148.5362571571018
bench/bench_results/Llama-3.2-3B/NVIDIA-H200/vllm-0.18.0-all+sd(1B)/result/default-random-512x128-2qps-200p.json,20260330-221912,Llama-3.2-3B,3B,NVIDIA-H200,vllm-0.18.0-all+sd(1B),all+sd(1B),default,random,512,128,2.0,200,200,0,100.95940199308097,102200,25600,1.9809943011915478,,253.56727055251812,1265.855358461399,198.0,10,84.6463904902339,84.10861901938915,11.367467308212605,84.10861901938915,103.98871488869189,107.94734911993146,7.824495161377539,6.850344345237561,2.8034913772072843,6.850344345237561,12.720086638573699,19.114479152045732,28.707528401827528,28.260846622288227,2.662747695485455,28.260846622288227,36.71675343066454,37.373567167669535,1078.3572759851813,960.204757284373,354.9067194251588,960.204757284373,1690.6585794407868,2494.491824191063
bench/bench_results/Llama-3.2-3B/NVIDIA-H200/vllm-0.18.0-all+sd(1B)/result/default-random-512x128-4qps-200p.json,20260330-222102,Llama-3.2-3B,3B,NVIDIA-H200,vllm-0.18.0-all+sd(1B),all+sd(1B),default,random,512,128,4.0,200,200,0,51.18489903677255,102200,25600,3.9074024519676174,,500.147513851855,2496.8301668073077,320.0,17,87.9658783506602,87.2750012204051,10.662091974131469,87.2750012204051,104.81166592799127,109.44640830159179,8.126330341461783,7.329381599024994,2.819445485947421,7.329381599024994,13.46930086752033,18.526628653511512,29.428119244840552,28.367514722049236,2.9985527497270685,28.367514722049236,37.0061949826777,37.75579613633454,1120.0098317163065,1016.1148365586996,357.04777902395136,1016.1148365586996,1805.8323543053118,2424.622871810569
bench/bench_results/Llama-3.2-3B/NVIDIA-H200/vllm-0.18.0-all+sd(1B)/result/default-random-512x128-8qps-200p.json,20260330-222226,Llama-3.2-3B,3B,NVIDIA-H200,vllm-0.18.0-all+sd(1B),all+sd(1B),default,random,512,128,8.0,200,200,0,26.05447488091886,102200,25600,7.6762245608132025,,982.5567437840899,4905.107494359637,433.0,26,91.82016542647034,91.78562788292766,11.895386196573472,91.78562788292766,109.70429433509707,124.85577131621525,8.03700215109866,7.098551285929802,2.6669154065064387,7.098551285929802,13.862153674351179,16.735159163106605,30.665448685752363,28.666025027632713,4.28809390799868,28.666025027632713,37.71388027817011,38.49070277065038,1112.5194386160001,992.5571521744132,338.4572554208728,992.5571521744132,1850.1694234088056,2205.3209131211033
bench/bench_results/Llama-3.2-3B/NVIDIA-H200/vllm-0.18.0-all+sd(1B)/result/default-random-768x192-2qps-200p.json,20260330-221213,Llama-3.2-3B,3B,NVIDIA-H200,vllm-0.18.0-all+sd(1B),all+sd(1B),default,random,768,192,2.0,200,200,0,101.53016732819378,153400,38400,1.9698578783338836,,378.2127126401057,1889.0937053221944,238.0,12,87.55530873313546,86.99929947033525,11.315194367559778,86.99929947033525,103.53171401657161,109.1616844758391,6.717067144869666,5.918035890751017,1.9118316319444455,5.918035890751017,10.45577071060997,13.311404711932534,28.817610753037417,28.225405607372522,2.5225648659062676,28.225405607372522,36.70147629454732,37.52728631719946,1370.5151334032416,1214.5327306352556,365.44108614762746,1214.5327306352556,2092.0080323703583,2621.5855925343867
bench/bench_results/Llama-3.2-3B/NVIDIA-H200/vllm-0.18.0-all+sd(1B)/result/default-random-768x32-2qps-200p.json,20260330-220651,Llama-3.2-3B,3B,NVIDIA-H200,vllm-0.18.0-all+sd(1B),all+sd(1B),default,random,768,32,2.0,200,200,0,100.72552610747516,153400,6400,1.985593997162129,,63.53900790918813,1586.4896037325411,113.0,9,81.44105503801256,77.76511460542679,21.894602299702523,77.76511460542679,103.00386748276651,117.11933018639662,13.175260861284068,11.860648155092232,4.7703903379347565,11.860648155092232,22.990399821391026,25.071155264252614,27.803492083146388,27.682775631546974,3.4025077325060993,27.682775631546974,36.20836050249636,37.3312776349485,489.8741417378187,453.2368159852922,150.5470773682379,453.2368159852922,780.0131911877542,850.9405029285698
bench/bench_results/Llama-3.2-3B/NVIDIA-H200/vllm-0.18.0-all+sd(1B+p)/result/default-random-128x128-2qps-200p.json,20260330-225820,Llama-3.2-3B,3B,NVIDIA-H200,vllm-0.18.0-all+sd(1B+p),all+sd(1B+p),default,random,128,128,2.0,200,200,0,100.64160775952041,25400,25600,1.9872496520315233,,254.36795546003498,506.74866126803846,227.0,8,27.275941651314497,24.40543519333005,15.413828809071203,24.40543519333005,31.72441991046071,36.02337575517468,2.238979777284553,1.8919164564196518,0.8648941593776948,1.8919164564196518,4.350727540257527,5.0258686586363766,8.10808789341928,8.00826121121645,1.8499457142749374,8.00826121121645,8.308434300124645,11.406137002632018,311.62637336645275,267.38111674785614,110.9367759724227,267.38111674785614,576.1421384755521,661.7729053832584
bench/bench_results/Llama-3.2-3B/NVIDIA-H200/vllm-0.18.0-all+sd(1B+p)/result/default-random-128x512-2qps-200p.json,20260330-230337,Llama-3.2-3B,3B,NVIDIA-H200,vllm-0.18.0-all+sd(1B+p),all+sd(1B+p),default,random,128,512,2.0,200,200,0,100.81923700775951,25400,102400,1.983748398974762,,1015.6791802750781,1267.6152269448728,643.0,10,28.92801069188863,28.59175531193614,5.547660968962207,28.59175531193614,33.98547032847999,39.212929001077725,1.710412771051017,1.51432456663735,0.66685772534531,1.51432456663735,2.729178041697218,4.7380975560410725,8.217187355721343,8.082889951765537,0.7023066000632254,8.082889951765537,8.50439015775919,11.54854144901037,902.9489366989583,802.5590381585062,341.04529370694013,802.5590381585062,1421.568763116374,2446.7349206842387
bench/bench_results/Llama-3.2-3B/NVIDIA-H200/vllm-0.18.0-all+sd(1B+p)/result/default-random-512x128-16qps-200p.json,20260330-231739,Llama-3.2-3B,3B,NVIDIA-H200,vllm-0.18.0-all+sd(1B+p),all+sd(1B+p),default,random,512,128,16.0,200,200,0,13.1795635484159,102200,25600,15.175009344223598,,1942.4011960606206,9696.83097095888,966.0,32,40.29430005699396,38.558948785066605,7.223240115972501,38.558948785066605,53.52266952395439,66.04952796362339,2.898633372089936,2.487762402156441,1.2017872216814571,2.487762402156441,5.686079634456184,7.2253513144050485,9.697750881407508,8.392146322876215,3.439931535560623,8.392146322876215,17.159535316750407,17.96148333698511,408.4207383124158,355.644091963768,153.61488994512982,355.644091963768,761.4478128496556,961.1667224671685
bench/bench_results/Llama-3.2-3B/NVIDIA-H200/vllm-0.18.0-all+sd(1B+p)/result/default-random-512x128-1qps-200p.json,20260330-231036,Llama-3.2-3B,3B,NVIDIA-H200,vllm-0.18.0-all+sd(1B+p),all+sd(1B+p),default,random,512,128,1.0,200,200,0,200.32902558147907,102200,25600,0.9983575740932996,,127.78976948394235,637.9504898456184,196.0,5,33.07567985262722,31.2539036385715,5.056068344137979,31.2539036385715,38.71590006165205,49.542059181257926,2.3675835870690354,2.0281966870987977,0.9416817220723341,2.0281966870987977,4.407803488411303,6.099697021752829,8.144185501847009,8.051875047385693,1.121659151167171,8.051875047385693,8.283485099673271,13.160328250378372,333.75879541039467,293.1305035017431,120.69672648704697,293.1305035017431,591.1274505313484,808.5236091352998
bench/bench_results/Llama-3.2-3B/NVIDIA-H200/vllm-0.18.0-all+sd(1B+p)/result/default-random-512x128-2qps-200p.json,20260330-231314,Llama-3.2-3B,3B,NVIDIA-H200,vllm-0.18.0-all+sd(1B+p),all+sd(1B+p),default,random,512,128,2.0,200,200,0,100.59990350529552,102200,25600,1.988073477520504,,254.4734051226245,1270.378952135602,277.0,9,34.34161282144487,32.696106005460024,5.459024016302704,32.696106005460024,41.100989840924726,53.080748887732504,2.2906091940537916,2.0098555283107626,0.7657198347230908,2.0098555283107626,3.7147987380946477,5.0418541087644275,8.25503915173047,8.086335845291615,1.3306135024164392,8.086335845291615,8.45559211447835,16.90466389991343,325.2489804662764,289.19141460210085,97.69014275783694,289.19141460210085,503.8565732073038,672.9558833595361
bench/bench_results/Llama-3.2-3B/NVIDIA-H200/vllm-0.18.0-all+sd(1B+p)/result/default-random-512x128-4qps-200p.json,20260330-231504,Llama-3.2-3B,3B,NVIDIA-H200,vllm-0.18.0-all+sd(1B+p),all+sd(1B+p),default,random,512,128,4.0,200,200,0,50.43468254059553,102200,25600,3.9655251094129005,,507.58721400485126,2533.9705449148432,355.0,12,36.090526059269905,35.747939720749855,5.764514872301332,35.747939720749855,45.69362909533081,49.96385947801156,2.3890152960781035,2.0228444129287255,0.9412996624292461,2.0228444129287255,4.267206630031539,6.1253447372348955,8.43495078574403,8.088705129921436,1.731539354759409,8.088705129921436,8.795555122196674,17.00848212465644,339.4954686611891,293.2399888522923,120.24457635487414,293.2399888522923,576.4156101271508,810.8230870030814
bench/bench_results/Llama-3.2-3B/NVIDIA-H200/vllm-0.18.0-all+sd(1B+p)/result/default-random-512x128-8qps-200p.json,20260330-231627,Llama-3.2-3B,3B,NVIDIA-H200,vllm-0.18.0-all+sd(1B+p),all+sd(1B+p),default,random,512,128,8.0,200,200,0,25.614727394655347,102200,25600,7.808008139947298,,999.4250419132542,4989.317201426324,499.0,19,39.02380088344216,36.267489194869995,15.771762173855723,36.267489194869995,48.62360726110637,114.2776759807015,2.5645118854631943,2.2708658334307783,0.9385145062523753,2.2708658334307783,4.581012873448372,5.6647219801482915,8.951304102375625,8.144563995301723,4.743703897460251,8.144563995301723,16.724801622331142,17.270818650722504,364.7168103372678,325.3436805680394,119.73264815833753,325.3436805680394,614.8778061848133,750.5537979304785
bench/bench_results/Llama-3.2-3B/NVIDIA-H200/vllm-0.18.0-all+sd(1B+p)/result/default-random-768x192-2qps-200p.json,20260330-230616,Llama-3.2-3B,3B,NVIDIA-H200,vllm-0.18.0-all+sd(1B+p),all+sd(1B+p),default,random,768,192,2.0,200,200,0,100.76852495130152,153400,38400,1.9847467261890968,,381.0713714283066,1903.372110415344,360.0,9,34.91738417185843,33.817211631685495,5.352991773848185,33.817211631685495,42.363087181001895,46.19906025007347,2.228382687372063,1.9322924013615277,0.8193057551138487,1.9322924013615277,3.8526347409251156,5.015791159718058,8.234112967716658,8.047589100897312,1.262806831129606,8.047589100897312,8.48588664084673,16.760760471224785,460.53847745992243,406.19828505441546,156.57124652061427,406.19828505441546,771.6603898443282,996.1207052227109
bench/bench_results/Llama-3.2-3B/NVIDIA-H200/vllm-0.18.0-all+sd(1B+p)/result/default-random-768x32-2qps-200p.json,20260330-230059,Llama-3.2-3B,3B,NVIDIA-H200,vllm-0.18.0-all+sd(1B+p),all+sd(1B+p),default,random,768,32,2.0,200,200,0,100.12738859187812,153400,6400,1.997455469603879,,63.91857502732413,1595.9669202134994,113.0,7,33.846287806518376,31.676893588155508,6.263811261283184,31.676893588155508,40.5950762797147,62.2361612133681,4.249752789976135,3.993401934783305,1.4251389435609403,3.993401934783305,6.711681441013371,7.641729716091386,8.079886429893737,7.9992832615971565,1.5636788978099272,7.9992832615971565,8.378501981496811,16.66298396885395,165.58862429577857,159.1240088455379,44.256213278044335,159.1240088455379,239.55567479133606,273.21005016565323
bench/bench_results/Llama-3.2-3B/NVIDIA-H200/vllm-0.18.0-cb/result/default-random-128x128-2qps-200p.json,20260328-172807,Llama-3.2-3B,3B,NVIDIA-H200,vllm-0.18.0-cb,cb,default,random,128,128,2.0,200,200,0,100.55343331303447,25400,25600,1.988992254271188,,254.59100854671206,507.1930248391529,890.0,9,35.84460501559079,11.70915737748146,171.74370457240923,11.70915737748146,14.78851013816893,953.6211490817326,4.125612299068002,4.1057625638805035,0.2846274980693411,4.1057625638805035,4.392272553692653,4.487341351983116,4.1256138713165065,4.140584729611874,2.3062720226940647,4.140584729611874,4.423024691641331,4.7531016636639745,559.7973669972271,532.9170501790941,197.85043646126715,532.9170501790941,571.6681704390794,1523.5614908207165
bench/bench_results/Llama-3.2-3B/NVIDIA-H200/vllm-0.18.0-cb/result/default-random-128x512-2qps-200p.json,20260328-173540,Llama-3.2-3B,3B,NVIDIA-H200,vllm-0.18.0-cb,cb,default,random,128,512,2.0,200,200,0,102.20197653118521,25400,102400,1.9569093161224076,,1001.9375698546727,1250.4650530022184,2344.0,14,13.773490646854043,13.51093640550971,4.298769144515269,13.51093640550971,15.997678972780704,23.48172841593622,4.302822173429095,4.320826551853269,0.08090129247366007,4.320826551853269,4.390224273573542,4.396927430350953,4.302822565769234,4.297664854675531,0.23405350281932708,4.297664854675531,4.483026592060923,5.233260570093986,2212.5156212691218,2220.8410617895424,40.870413648642966,2220.8410617895424,2257.032472966239,2261.233860552311
bench/bench_results/Llama-3.2-3B/NVIDIA-H200/vllm-0.18.0-cb/result/default-random-512x128-16qps-200p.json,20260328-175030,Llama-3.2-3B,3B,NVIDIA-H200,vllm-0.18.0-cb,cb,default,random,512,128,16.0,200,200,0,13.106561711989343,102200,25600,15.259532163728968,,1953.220116957308,9750.84105262281,2902.0,35,21.073028962127864,20.267311949282885,4.707616201764713,20.267311949282885,27.223107777535905,31.99901273474094,5.14799955924313,5.153167919497791,0.23038063152014407,5.153167919497791,5.550069790920169,5.5929893194367795,5.148001036489397,4.668049514293671,1.7418080645006868,4.668049514293671,10.521890595555305,10.976188415661454,674.8689729860052,674.5663760229945,29.441064935597204,674.5663760229945,726.4179049059749,731.9987910147756
bench/bench_results/Llama-3.2-3B/NVIDIA-H200/vllm-0.18.0-cb/result/default-random-512x128-1qps-200p.json,20260328-174330,Llama-3.2-3B,3B,NVIDIA-H200,vllm-0.18.0-cb,cb,default,random,512,128,1.0,200,200,0,200.51485942676663,102200,25600,0.9974323128558227,,127.6713360455453,637.3592479148707,535.0,7,16.142942057922482,14.319512527436018,4.736336894550756,14.319512527436018,20.26325240731239,26.042838459834424,4.084334620677932,4.048248250624091,0.15403827740240525,4.048248250624091,4.370171715703419,4.427488666013117,4.084336276048809,3.966757096350193,0.4578374941648526,3.966757096350193,4.378539882600307,4.5711613912135345,534.8534388840199,531.029459554702,20.961310852452662,531.029459554702,573.2098514214158,579.0617260243744
bench/bench_results/Llama-3.2-3B/NVIDIA-H200/vllm-0.18.0-cb/result/default-random-512x128-2qps-200p.json,20260328-174608,Llama-3.2-3B,3B,NVIDIA-H200,vllm-0.18.0-cb,cb,default,random,512,128,2.0,200,200,0,100.5493306061253,102200,25600,1.9890734109752128,,254.60139660482724,1271.017909613161,892.0,9,17.30613688006997,17.408274114131927,4.640047599915159,17.408274114131927,20.82495321519673,24.0637603215873,4.2036190087811685,4.185559990720487,0.18566663494422297,4.185559990720487,4.513821516581994,4.619557550470307,4.20362063287574,4.175698850303888,0.619008434009635,4.175698850303888,4.45442209020257,4.8586200363934,551.1657509952784,548.8781030289829,24.46768198973563,548.8781030289829,591.3830954115838,605.795556679368
bench/bench_results/Llama-3.2-3B/NVIDIA-H200/vllm-0.18.0-cb/result/default-random-512x128-4qps-200p.json,20260328-174753,Llama-3.2-3B,3B,NVIDIA-H200,vllm-0.18.0-cb,cb,default,random,512,128,4.0,200,200,0,50.57238889299333,102200,25600,3.9547271619535747,,506.20507673005756,2527.0706564883344,1181.0,15,19.11713748704642,18.878281582146883,5.364770704060702,18.878281582146883,24.12235452793538,29.410026222467152,4.439541611849793,4.447321304831449,0.21666337501787844,4.447321304831449,4.81751298267893,4.938538224751673,4.441291700488132,4.355750046670437,1.066076901460659,4.355750046670437,4.669595183804631,10.496900528669359,582.93892219197,585.8920640312135,28.51408907604868,585.8920640312135,631.7930994089692,645.4062911123037
bench/bench_results/Llama-3.2-3B/NVIDIA-H200/vllm-0.18.0-cb/result/default-random-512x128-8qps-200p.json,20260328-174921,Llama-3.2-3B,3B,NVIDIA-H200,vllm-0.18.0-cb,cb,default,random,512,128,8.0,200,200,0,25.589718309231102,102200,25600,7.815638983718435,,1000.4017899159596,4994.19331059608,1710.0,21,20.071945623494685,19.596366677433252,4.432944527526229,19.596366677433252,24.303323589265343,31.111917272210054,4.735641330553908,4.718423073040688,0.20159401011984945,4.718423073040688,5.086758950226536,5.183774836244076,4.735642840689796,4.503083415329456,1.233415431500589,4.503083415329456,4.953508451581001,10.75008423998952,621.498394603841,620.1712731271982,26.057378713520542,620.1712731271982,665.1018530596048,676.0133421514183
bench/bench_results/Llama-3.2-3B/NVIDIA-H200/vllm-0.18.0-cb/result/default-random-768x192-2qps-200p.json,20260328-173914,Llama-3.2-3B,3B,NVIDIA-H200,vllm-0.18.0-cb,cb,default,random,768,192,2.0,200,200,0,100.82009293790907,153400,38400,1.9837315575891379,,380.87645905711446,1902.3985637279834,1214.0,9,20.739841987378895,20.598623901605606,4.635446211071759,20.598623901605606,23.28082015737891,26.88295425847169,4.213290316301412,4.213771999798988,0.2042671866295363,4.213771999798988,4.523724562327587,4.669403625281615,4.2132913632591436,4.1144839487969875,0.8388683389347275,4.1144839487969875,4.506334848701954,4.914003293961288,825.4782924009487,827.04669656232,39.71773863527303,827.04669656232,885.8569335658103,915.5179570429027
bench/bench_results/Llama-3.2-3B/NVIDIA-H200/vllm-0.18.0-cb/result/default-random-768x32-2qps-200p.json,20260328-173052,Llama-3.2-3B,3B,NVIDIA-H200,vllm-0.18.0-cb,cb,default,random,768,32,2.0,200,200,0,100.14125047717243,153400,6400,1.9971789751675884,,63.90972720536283,1595.746001158903,211.0,7,20.027108690701425,17.63927936553955,19.986402531286053,17.63927936553955,22.434714064002026,28.93562369048594,4.081073004542098,3.940376768549604,0.2278130800068304,3.940376768549604,4.473483089297529,4.790314298063035,4.081079748068606,3.954804502427578,0.8494018600756914,3.954804502427578,4.350175289437175,4.829667117446663,146.5403718315065,140.3831262141466,21.11944183256425,140.3831262141466,160.3279564529657,181.08103546313941
bench/bench_results/Llama-3.2-3B/NVIDIA-H200/vllm-0.18.0-cb+as/result/default-random-128x128-2qps-200p.json,20260328-212644,Llama-3.2-3B,3B,NVIDIA-H200,vllm-0.18.0-cb+as,cb+as,default,random,128,128,2.0,200,200,0,100.43217032495886,25400,25600,1.9913937869995135,,254.89840473593773,507.805415684876,897.0,9,12.867249716073275,13.273001182824373,4.72969366241136,13.273001182824373,15.91793433763087,16.564693124964762,3.3809941274473276,3.3666407469454716,0.14604144495441418,3.3666407469454716,3.6369297202441873,3.6757631107842124,3.38099580463462,3.364727832376957,0.2517256078844815,3.364727832376957,3.665972640737891,3.940817154943941,442.25350390188396,442.52030504867435,19.991451581566704,442.52030504867435,477.11388603784144,482.6816812995821
bench/bench_results/Llama-3.2-3B/NVIDIA-H200/vllm-0.18.0-cb+as/result/default-random-128x512-2qps-200p.json,20260328-213157,Llama-3.2-3B,3B,NVIDIA-H200,vllm-0.18.0-cb+as,cb+as,default,random,128,512,2.0,200,200,0,101.88575165811926,25400,102400,1.9629830152414842,,1005.0473038036399,1254.3461467393083,2425.0,12,15.67946676630527,15.376188792288303,4.314214213858661,15.376188792288303,17.596267675980926,22.82294932752845,3.6703741983665474,3.6867086660780317,0.07236347553874194,3.6867086660780317,3.752082890471892,3.768119998349136,3.670374586268778,3.6690225824713707,0.17656821129274805,3.6690225824713707,3.795627551153302,4.244591863825916,1891.2406821316108,1898.9687678404152,37.05220899815065,1898.9687678404152,1933.2891426980495,1939.5202144701034
bench/bench_results/Llama-3.2-3B/NVIDIA-H200/vllm-0.18.0-cb+as/result/default-random-512x128-16qps-200p.json,20260328-214539,Llama-3.2-3B,3B,NVIDIA-H200,vllm-0.18.0-cb+as,cb+as,default,random,512,128,16.0,200,200,0,13.00104162003845,102200,25600,15.383382796939966,,1969.0729980083156,9829.98160724464,3005.0,32,23.528591855429113,20.821081940084696,12.430256966265251,20.821081940084696,31.10273391939699,40.754342097788744,4.123807299706175,4.081171016964152,0.2539507276442063,4.081171016964152,4.459519532516481,5.245913191089832,4.123808751689403,3.8053272292017937,3.20930035339278,3.8053272292017937,10.201637633144855,10.561639918014407,547.2521189181134,541.1902936175466,35.49735352825061,541.1902936175466,590.2995562180874,695.3203061129898
bench/bench_results/Llama-3.2-3B/NVIDIA-H200/vllm-0.18.0-cb+as/result/default-random-512x128-1qps-200p.json,20260328-213849,Llama-3.2-3B,3B,NVIDIA-H200,vllm-0.18.0-cb+as,cb+as,default,random,512,128,1.0,200,200,0,200.4185171155259,102200,25600,0.9979117841926519,,127.73270837665945,637.6656300991045,515.0,6,16.15486105903983,14.095311053097248,5.05185195081444,14.095311053097248,20.963955437764525,22.418340221047313,3.3435861326343432,3.2989801985659,0.13188765692230547,3.2989801985659,3.5633204189517835,3.6933610397647683,3.3435878391912954,3.300656098872423,0.4446707288485219,3.300656098872423,3.5685211420059204,3.729826528578996,440.7902999036014,433.9307388290763,18.754442248404196,433.9307388290763,472.7193696424365,491.0068469122052
bench/bench_results/Llama-3.2-3B/NVIDIA-H200/vllm-0.18.0-cb+as/result/default-random-512x128-2qps-200p.json,20260328-214125,Llama-3.2-3B,3B,NVIDIA-H200,vllm-0.18.0-cb+as,cb+as,default,random,512,128,2.0,200,200,0,100.45621342398226,102200,25600,1.9909171686164044,,254.83739758289977,1272.1960707458825,899.0,9,17.377500901930034,17.637372948229313,5.307027357083739,17.637372948229313,21.556604886427515,29.399985689669844,3.470015784828212,3.4633402961973596,0.14243455086771661,3.4633402961973596,3.715200841016187,3.7806528530222927,3.4700175159515476,3.4908694215118885,0.5923761088021932,3.4908694215118885,3.699790872633457,3.909025928005576,458.069505575113,457.3211558163166,19.702578442437705,457.3211558163166,491.6379815898835,500.04872000776237
bench/bench_results/Llama-3.2-3B/NVIDIA-H200/vllm-0.18.0-cb+as/result/default-random-512x128-4qps-200p.json,20260328-214310,Llama-3.2-3B,3B,NVIDIA-H200,vllm-0.18.0-cb+as,cb+as,default,random,512,128,4.0,200,200,0,50.47539612930268,102200,25600,3.9623265063172672,,507.1777928086102,2531.926637536734,1185.0,14,19.725150023587048,19.428784493356943,5.40181887684244,19.428784493356943,27.073631156235923,32.08848796784869,3.64707695833576,3.648595202450208,0.17515875996829525,3.648595202450208,3.9315230249771913,4.120635144544516,3.6470785523640123,3.548372071236372,0.9496299711634408,3.548372071236372,3.8858319632709026,10.230257892981172,482.9039237322286,483.12598280608654,24.067595082566122,483.12598280608654,520.9022035356611,543.3713395893574
bench/bench_results/Llama-3.2-3B/NVIDIA-H200/vllm-0.18.0-cb+as/result/default-random-512x128-8qps-200p.json,20260328-214431,Llama-3.2-3B,3B,NVIDIA-H200,vllm-0.18.0-cb+as,cb+as,default,random,512,128,8.0,200,200,0,25.47679973486811,102200,25600,7.850279551645397,,1004.8357826106109,5016.328633501409,1646.0,20,21.006154189817607,20.09475277736783,5.067873179495643,20.09475277736783,28.239090042188757,30.679729720577562,3.7796495338960545,3.7847891134598592,0.17878540648517421,3.7847891134598592,4.0770080684882215,4.15902414791814,3.7796510442152735,3.651081118732691,1.2788008430417013,3.651081118732691,4.001098033040762,10.295213600620619,501.02164499461657,501.9550290890038,24.15066399037105,501.9550290890038,538.3490157313644,551.1131182592361
bench/bench_results/Llama-3.2-3B/NVIDIA-H200/vllm-0.18.0-cb+as/result/default-random-768x192-2qps-200p.json,20260328-213433,Llama-3.2-3B,3B,NVIDIA-H200,vllm-0.18.0-cb+as,cb+as,default,random,768,192,2.0,200,200,0,100.7063067946583,153400,38400,1.9859729381974363,,381.3068041339078,1904.5480477313415,1281.0,9,22.74872978683561,22.87250477820635,4.957824193078179,22.87250477820635,26.704924274235957,30.79686147160826,3.596689636765428,3.5894396324783404,0.17278420101412528,3.5894396324783404,3.8550017177278457,4.020259070322308,3.596690714052093,3.5352427512407303,0.6337055360852645,3.5352427512407303,3.808813355863094,4.871776429936295,709.7164504090324,708.7010485120118,34.10008062216229,708.7010485120118,760.8915388118476,791.3158926181495
bench/bench_results/Llama-3.2-3B/NVIDIA-H200/vllm-0.18.0-cb+as/result/default-random-768x32-2qps-200p.json,20260328-212920,Llama-3.2-3B,3B,NVIDIA-H200,vllm-0.18.0-cb+as,cb+as,default,random,768,32,2.0,200,200,0,100.11753742489964,153400,6400,1.9976520112675002,,63.92486436056001,1596.1239570027328,208.0,7,19.556829263456166,18.011702690273523,5.123168155475004,18.011702690273523,24.49221964925524,29.62125496007502,3.2542348001152277,3.1583607497234496,0.17344785201738316,3.1583607497234496,3.5515181239574183,3.870546367440011,3.2542415502511206,3.1873220577836037,0.6479702938547605,3.1873220577836037,3.4614287782460447,4.4131843745708474,120.43810806702822,116.03636061772704,7.884232967150729,116.03636061772704,133.01094267517328,153.31681637093425
bench/bench_results/Llama-3.2-3B/NVIDIA-H200/vllm-0.18.0-cb+cp/result/default-random-128x128-2qps-200p.json,20260328-191335,Llama-3.2-3B,3B,NVIDIA-H200,vllm-0.18.0-cb+cp,cb+cp,default,random,128,128,2.0,200,200,0,100.55690848454833,25400,25600,1.9889235161871766,,254.5822100719586,507.17549662773,893.0,9,50.30256196856499,12.283169198781252,241.78828833063835,12.283169198781252,14.870051993057132,1505.2715229801793,4.1318766403517975,4.109257623171947,0.3861832618195773,4.109257623171947,4.370055638077691,4.456186823356222,4.131878265436357,4.117664881050587,3.6933370295314445,4.117664881050587,4.4161740224808455,4.814232774078846,575.0508952932432,533.5553800687194,275.28197524308814,533.5553800687194,568.3613053988665,2071.248279670249
bench/bench_results/Llama-3.2-3B/NVIDIA-H200/vllm-0.18.0-cb+cp/result/default-random-128x512-2qps-200p.json,20260328-191850,Llama-3.2-3B,3B,NVIDIA-H200,vllm-0.18.0-cb+cp,cb+cp,default,random,128,512,2.0,200,200,0,102.24952251557261,25400,102400,1.9559993541245142,,1001.4716693117513,1249.8835872855645,2328.0,15,13.546319263987243,12.988501228392124,4.249372369734215,12.988501228392124,15.387915028259158,21.930268630385374,4.40639053572538,4.426525145725378,0.07945387403571433,4.426525145725378,4.487260241597278,4.49624577630129,4.406390933141316,4.404641222208738,0.21955605457212432,4.404641222208738,4.582876665517688,5.335843674838521,2265.211883019656,2275.233392138034,40.240066434819575,2275.233392138034,2306.153003219515,2310.0658946391195
bench/bench_results/Llama-3.2-3B/NVIDIA-H200/vllm-0.18.0-cb+cp/result/default-random-512x128-16qps-200p.json,20260328-193215,Llama-3.2-3B,3B,NVIDIA-H200,vllm-0.18.0-cb+cp,cb+cp,default,random,512,128,16.0,200,200,0,13.099284606054425,102200,25600,15.268009361943397,,1954.3051983287548,9756.257982281832,2901.0,35,21.62351353559643,20.62767744064331,5.008126666856482,20.62767744064331,28.490173164755102,32.500229440629454,5.108871489073934,5.12689356802134,0.23283305456373857,5.12689356802134,5.496335423030839,5.559465457560626,5.108872935080564,4.628689028322697,1.7789083448353151,4.628689028322697,10.526842949911952,11.15674340166151,670.4501926479861,672.2912639379501,29.848922228881943,672.2912639379501,718.1639409158379,726.0763554926962
bench/bench_results/Llama-3.2-3B/NVIDIA-H200/vllm-0.18.0-cb+cp/result/default-random-512x128-1qps-200p.json,20260328-192537,Llama-3.2-3B,3B,NVIDIA-H200,vllm-0.18.0-cb+cp,cb+cp,default,random,512,128,1.0,200,200,0,200.5093728369102,102200,25600,0.9974596058543134,,127.67482954935211,637.3766881409063,536.0,7,15.789067517034711,14.147405046969652,4.589808598553497,14.147405046969652,19.799476908519864,24.46749730035661,4.037806180848439,3.994559671172477,0.1512022042690585,3.994559671172477,4.330049267434698,4.390154641165625,4.037807843149237,3.926078788936138,0.43837887464113584,3.926078788936138,4.343162616714835,4.488465460017321,528.5904524847865,524.2235125042498,20.43287217406232,524.2235125042498,567.7172102034092,575.4600006621331
bench/bench_results/Llama-3.2-3B/NVIDIA-H200/vllm-0.18.0-cb+cp/result/default-random-512x128-2qps-200p.json,20260328-192810,Llama-3.2-3B,3B,NVIDIA-H200,vllm-0.18.0-cb+cp,cb+cp,default,random,512,128,2.0,200,200,0,100.54001531656832,102200,25600,1.9892577037139296,,254.624986075383,1271.135672673201,890.0,9,17.082965960726142,17.12818257510662,4.727690530620056,17.12818257510662,20.499200141057372,26.821724483743306,4.148151155443877,4.118399386565516,0.18713555624218403,4.118399386565516,4.4789898051608965,4.580239248205357,4.148152794168279,4.119620192795992,0.6089167487391937,4.119620192795992,4.400845291092992,4.8193502984941,543.8981627020985,540.8140583895147,24.813425424727182,540.8140583895147,588.1556960754097,601.0163131821901
bench/bench_results/Llama-3.2-3B/NVIDIA-H200/vllm-0.18.0-cb+cp/result/default-random-512x128-4qps-200p.json,20260328-192952,Llama-3.2-3B,3B,NVIDIA-H200,vllm-0.18.0-cb+cp,cb+cp,default,random,512,128,4.0,200,200,0,50.567615723237395,102200,25600,3.955100455885124,,506.2528583532959,2527.3091913105945,1189.0,15,18.427712051197886,18.068257719278336,4.568392647710111,18.068257719278336,23.07514292187988,28.274426972493522,4.38792301539889,4.404522845242906,0.21989650525088517,4.404522845242906,4.755237467557661,4.919198176889555,4.3879246044038664,4.32394677773118,0.8930751766668771,4.32394677773118,4.6216081362217665,10.288109369575976,575.6939350068569,578.0959697440267,28.845163025445725,578.0959697440267,624.1267782635987,641.6818494535981
bench/bench_results/Llama-3.2-3B/NVIDIA-H200/vllm-0.18.0-cb+cp/result/default-random-512x128-8qps-200p.json,20260328-193109,Llama-3.2-3B,3B,NVIDIA-H200,vllm-0.18.0-cb+cp,cb+cp,default,random,512,128,8.0,200,200,0,25.58511741645634,102200,25600,7.817044445977803,,1000.5816890851588,4995.091400979816,1702.0,21,19.686612859368324,19.288700073957443,4.497284530967526,19.288700073957443,24.677918478846546,30.433322787284784,4.68618060704174,4.676468219373405,0.1932295832213011,4.676468219373405,5.008030336306203,5.129990875134317,4.686182116737633,4.468269180506468,1.19063921197711,4.468269180506468,4.91944826208055,10.41699694469571,614.8315499536693,613.6462637223303,25.01372738067736,613.6462637223303,656.0471977107226,665.7470038160681
bench/bench_results/Llama-3.2-3B/NVIDIA-H200/vllm-0.18.0-cb+cp/result/default-random-768x192-2qps-200p.json,20260328-192124,Llama-3.2-3B,3B,NVIDIA-H200,vllm-0.18.0-cb+cp,cb+cp,default,random,768,192,2.0,200,200,0,100.83511142991483,153400,38400,1.9834360984368966,,380.8197308998842,1902.1152184009838,1206.0,9,21.10355141106993,21.029289346188307,4.691227109128023,21.029289346188307,24.400321627035733,30.30601496808231,4.288925695213543,4.292415913330946,0.2015352910633549,4.292415913330946,4.6009045145449985,4.753599472987558,4.288926787981617,4.179577808827162,0.837081826305264,4.179577808827162,4.578919382765889,4.920502714812757,840.2883591968566,840.7265665009618,39.317340289767316,840.7265665009618,899.372582603246,931.1392085067928
bench/bench_results/Llama-3.2-3B/NVIDIA-H200/vllm-0.18.0-cb+cp/result/default-random-768x32-2qps-200p.json,20260328-191616,Llama-3.2-3B,3B,NVIDIA-H200,vllm-0.18.0-cb+cp,cb+cp,default,random,768,32,2.0,200,200,0,100.14338799472898,153400,6400,1.9971363462411211,,63.908363079715876,1595.7119406466559,211.0,7,19.498763903975487,18.755880184471607,4.714266679256607,18.755880184471607,23.766890075057745,27.100450508296465,4.039638583818751,3.9063002613763658,0.22593530762495403,3.9063002613763658,4.411678508885445,4.790104754990146,4.03964577738436,3.9145350456237793,0.8568834685706831,3.9145350456237793,4.291811585426331,4.728176956996324,144.72756000235677,140.35804104059935,8.745651932673331,140.35804104059935,157.71497278474266,180.65797857008872
bench/bench_results/Llama-3.2-3B/NVIDIA-H200/vllm-0.18.0-cb+pc/result/default-random-128x128-2qps-200p.json,20260328-202458,Llama-3.2-3B,3B,NVIDIA-H200,vllm-0.18.0-cb+pc,cb+pc,default,random,128,128,2.0,200,200,0,100.54743587970734,25400,25600,1.9891108932830017,,254.60619434022422,507.22327778716544,890.0,9,36.41450113616884,11.751041747629642,173.32864243265792,11.751041747629642,15.433969069272278,974.4550434779334,4.167812783601071,4.148539720381808,0.29121016696936336,4.148539720381808,4.398889859448972,4.498916724990086,4.167814440328598,4.15480462834239,2.4722495295871836,4.15480462834239,4.44440757855773,4.976976988837093,565.7267246535048,538.4112712927163,200.0370371086438,538.4112712927163,572.7619257755578,1545.8295690827028
bench/bench_results/Llama-3.2-3B/NVIDIA-H200/vllm-0.18.0-cb+pc/result/default-random-128x512-2qps-200p.json,20260328-203020,Llama-3.2-3B,3B,NVIDIA-H200,vllm-0.18.0-cb+pc,cb+pc,default,random,128,512,2.0,200,200,0,102.21317648980767,25400,102400,1.9566948887450268,,1001.8277830374537,1250.328033908072,2319.0,15,14.270937317050993,13.869610615074635,4.235212593231587,13.869610615074635,16.416630288586017,21.54607681557535,4.431953998911331,4.45167365923174,0.10757315010571408,4.45167365923174,4.568810076698835,4.589776658961538,4.431954379459577,4.415878094732761,0.238067324889436,4.415878094732761,4.653841815888882,5.254648728296155,2278.9994307607412,2287.4249652959406,54.934949617753034,2287.4249652959406,2350.197666697204,2360.872411755845
bench/bench_results/Llama-3.2-3B/NVIDIA-H200/vllm-0.18.0-cb+pc/result/default-random-512x128-16qps-200p.json,20260328-204403,Llama-3.2-3B,3B,NVIDIA-H200,vllm-0.18.0-cb+pc,cb+pc,default,random,512,128,16.0,200,200,0,13.086417037062347,102200,25600,15.28302203984294,,1956.2268210998964,9765.851083459638,2916.0,35,20.848014098592103,20.008773542940617,4.7224528874913005,20.008773542940617,27.387423766776916,35.42675945907831,5.015337488973353,5.023041014068239,0.22072197275883712,5.023041014068239,5.355480004571319,5.454817246865686,5.015338938499941,4.545852076262236,1.7316226654535531,4.545852076262236,10.515491990372539,10.93240910209715,657.7958751982078,660.7403345406055,28.416020497383894,660.7403345406055,699.8465744778514,714.8062640521675
bench/bench_results/Llama-3.2-3B/NVIDIA-H200/vllm-0.18.0-cb+pc/result/default-random-512x128-1qps-200p.json,20260328-203713,Llama-3.2-3B,3B,NVIDIA-H200,vllm-0.18.0-cb+pc,cb+pc,default,random,512,128,1.0,200,200,0,200.4999288180843,102200,25600,0.9975065885507726,,127.68084333449889,637.4067100839436,534.0,7,16.021036677993834,14.550304040312767,4.569797073032203,14.550304040312767,19.675946980714798,22.05342958681279,4.006380514520419,3.9563797062306896,0.1706475099255798,3.9563797062306896,4.330415241273604,4.440663023595149,4.006382190681055,3.9405450224876404,0.4629818176559723,3.9405450224876404,4.354079347103834,4.5092570781707755,524.831362022087,518.0835165083408,22.86743183227659,518.0835165083408,570.3303073998541,582.2886796388775
bench/bench_results/Llama-3.2-3B/NVIDIA-H200/vllm-0.18.0-cb+pc/result/default-random-512x128-2qps-200p.json,20260328-203949,Llama-3.2-3B,3B,NVIDIA-H200,vllm-0.18.0-cb+pc,cb+pc,default,random,512,128,2.0,200,200,0,100.55095493514091,102200,25600,1.9890412789118455,,254.59728370071622,1270.9973772246692,890.0,9,17.30159818660468,17.30402885004878,4.671184604529552,17.30402885004878,20.92785802669823,23.14889711327843,4.202317351284694,4.183817977511039,0.1863476162225006,4.183817977511039,4.521157462736518,4.615526803307176,4.202318991109084,4.176273010671139,0.6246887981366859,4.176273010671139,4.449532832950354,4.837810918688773,550.9959017997608,548.9211464300752,24.727473630037903,548.9211464300752,591.9902092777193,604.558876035735
bench/bench_results/Llama-3.2-3B/NVIDIA-H200/vllm-0.18.0-cb+pc/result/default-random-512x128-4qps-200p.json,20260328-204135,Llama-3.2-3B,3B,NVIDIA-H200,vllm-0.18.0-cb+pc,cb+pc,default,random,512,128,4.0,200,200,0,50.571172658354044,102200,25600,3.954822272980479,,506.21725094150133,2527.1314324345262,1176.0,15,18.765487745404243,18.42221198603511,4.594176838004856,18.42221198603511,22.747958265244954,28.13634696416554,4.440350574697918,4.452760635662502,0.21901499060485602,4.452760635662502,4.82824171020642,4.9563730516155635,4.440352146213097,4.357990808784962,0.9237564395031319,4.357990808784962,4.673793306574225,10.459551950916646,582.6900107320398,584.7063818946481,28.829159017255265,584.7063818946481,631.7261036951095,653.0476065538822
bench/bench_results/Llama-3.2-3B/NVIDIA-H200/vllm-0.18.0-cb+pc/result/default-random-512x128-8qps-200p.json,20260328-204255,Llama-3.2-3B,3B,NVIDIA-H200,vllm-0.18.0-cb+pc,cb+pc,default,random,512,128,8.0,200,200,0,25.59110128786415,102200,25600,7.815216615739953,,1000.347726814714,4993.92341745783,1714.0,21,19.926838306710124,19.41145397722721,4.410558024169478,19.41145397722721,24.8047842644155,30.556747727096017,4.744378354906391,4.726254784568089,0.20508312391591252,4.726254784568089,5.126271142778317,5.19980983346642,4.744379841502551,4.521174822002649,1.2188557902909831,4.521174822002649,4.954285314306617,10.667740860953927,622.4628893798217,620.48564478755,26.52888958789892,620.48564478755,668.2603805791586,678.4686673711985
bench/bench_results/Llama-3.2-3B/NVIDIA-H200/vllm-0.18.0-cb+pc/result/default-random-768x192-2qps-200p.json,20260328-203257,Llama-3.2-3B,3B,NVIDIA-H200,vllm-0.18.0-cb+pc,cb+pc,default,random,768,192,2.0,200,200,0,100.84663972817361,153400,38400,1.9832093616514008,,380.77619743706896,1901.8977778236936,1197.0,9,21.308240233920515,21.095021162182093,4.694048545907619,21.095021162182093,24.66194028966129,27.37081609666345,4.356842784781536,4.354864734356627,0.20851095531716796,4.354864734356627,4.696712352052643,4.843878378233438,4.356843840930591,4.249092191457748,0.8427252963521505,4.249092191457748,4.6636261977255336,5.099754976108676,853.4652121271938,854.6539572998881,40.46728736417363,854.6539572998881,919.2330088932066,947.6624910160899
bench/bench_results/Llama-3.2-3B/NVIDIA-H200/vllm-0.18.0-cb+pc/result/default-random-768x32-2qps-200p.json,20260328-202743,Llama-3.2-3B,3B,NVIDIA-H200,vllm-0.18.0-cb+pc,cb+pc,default,random,768,32,2.0,200,200,0,100.13828050438315,153400,6400,1.9972382089309573,,63.91162268579063,1595.793328935835,211.0,7,19.732583123259246,17.763431649655104,13.903883293241552,17.763431649655104,23.583196196705103,28.066825373098247,4.057294767980855,3.942557189974093,0.22489022147892385,3.942557189974093,4.443478516693558,4.712959169860808,4.057301487623444,3.950599581003189,0.8324944607992841,3.950599581003189,4.2595888022333375,4.657905707135801,145.50872093066573,140.18556382507086,15.586992138464955,140.18556382507086,159.35650249011815,181.45065995864567
bench/bench_results/Llama-3.2-3B/NVIDIA-H200/vllm-0.18.0-default/result/default-random-128x128-2qps-200p.json,20260328-131335,Llama-3.2-3B,3B,NVIDIA-H200,vllm-0.18.0-default,default,default,random,128,128,2.0,200,200,0,100.4707516534254,25400,25600,1.9906290806890894,,254.80052232820344,507.6104155757178,897.0,9,40.96074438653886,13.426361605525017,198.0400580297556,13.426361605525017,17.10469275712967,1014.2464871145742,3.3983755141393988,3.3918023366099734,0.14844890161171842,3.3918023366099734,3.614182674186671,3.8391071221402546,3.398377153927123,3.4232703037559986,0.4506547424695289,3.4232703037559986,3.6551664117723703,3.9327096194028854,472.5544346822426,444.74448449909687,206.67784762975023,444.74448449909687,474.5998236350715,1501.7269492708103
bench/bench_results/Llama-3.2-3B/NVIDIA-H200/vllm-0.18.0-default/result/default-random-128x512-2qps-200p.json,20260328-131852,Llama-3.2-3B,3B,NVIDIA-H200,vllm-0.18.0-default,default,default,random,128,512,2.0,200,200,0,101.86975276563317,25400,102400,1.9632913064992938,,1005.2051489276384,1254.5431448530487,2795.0,15,47.42979605216533,15.755389351397753,256.725265427895,15.755389351397753,17.728636460378766,1771.203384138641,3.803875751924608,3.6560097652799115,0.9016160588795386,3.6560097652799115,3.724417323064343,8.520623365227577,3.803876136482462,3.6391550675034523,20.435404560904665,3.6391550675034523,3.797452338039875,4.281784789636731,1991.21030528564,1883.8364575058222,523.5074308129755,1883.8364575058222,2007.308482425258,4369.755668481812
bench/bench_results/Llama-3.2-3B/NVIDIA-H200/vllm-0.18.0-default/result/default-random-512x128-16qps-200p.json,20260328-133220,Llama-3.2-3B,3B,NVIDIA-H200,vllm-0.18.0-default,default,default,random,512,128,16.0,200,200,0,12.996938038617373,102200,25600,15.388239861246289,,1969.694702239525,9833.085271336378,4684.0,68,288.7117724074051,22.631524596363306,572.0875076828352,22.631524596363306,1597.365262592211,2285.939143579453,5.782555830994929,4.094527576001376,5.153998126661549,4.094527576001376,24.395888599413116,24.456261280909416,5.782557164179528,3.8203545846045017,54.14905442032009,3.8203545846045017,10.191013012081385,11.217161910608409,1023.096362943761,542.8890753537416,866.4402541965504,542.8890753537416,3125.8173275738955,3139.6770590823144
bench/bench_results/Llama-3.2-3B/NVIDIA-H200/vllm-0.18.0-default/result/default-random-512x128-1qps-200p.json,20260328-132538,Llama-3.2-3B,3B,NVIDIA-H200,vllm-0.18.0-default,default,default,random,512,128,1.0,200,200,0,200.41373771429062,102200,25600,0.997935582066333,,127.73575450449063,637.6808369403868,512.0,5,17.217139955610037,15.734811779111624,4.823359901094987,15.734811779111624,21.224943315610286,24.385855477303224,3.299102358424699,3.2574541199453706,0.13152885627526484,3.2574541199453706,3.521033417154837,3.649630892919156,3.299104023952125,3.2572001218795776,0.4589506268612347,3.2572001218795776,3.5462350584566593,3.7409113161265846,436.2031394755468,429.65912027284503,18.35059881869765,429.65912027284503,467.80061554163694,486.2292801402509
bench/bench_results/Llama-3.2-3B/NVIDIA-H200/vllm-0.18.0-default/result/default-random-512x128-2qps-200p.json,20260328-132811,Llama-3.2-3B,3B,NVIDIA-H200,vllm-0.18.0-default,default,default,random,512,128,2.0,200,200,0,100.45093725901097,102200,25600,1.9910217411342168,,254.85078286517975,1272.2628925847646,901.0,9,18.11266975942999,18.80758674815297,5.041034896113123,18.80758674815297,21.29767974838614,29.078624686226235,3.427273917385912,3.417699300779367,0.14675522708161112,3.417699300779367,3.690093706222618,3.7429239672762673,3.4272755506470447,3.4320326521992683,0.5910773207979425,3.4320326521992683,3.6764098331332207,3.9123830292373896,453.37645726744086,451.94109389558434,20.069927542370348,451.94109389558434,488.6015271767974,494.996754033491
bench/bench_results/Llama-3.2-3B/NVIDIA-H200/vllm-0.18.0-default/result/default-random-512x128-4qps-200p.json,20260328-132954,Llama-3.2-3B,3B,NVIDIA-H200,vllm-0.18.0-default,default,default,random,512,128,4.0,200,200,0,50.47084330674261,102200,25600,3.962683935841452,,507.22354378770586,2532.155035002688,1181.0,14,20.023216027766466,19.690706860274076,5.268202286287693,19.690706860274076,27.480269921943542,30.259752878919105,3.594590750354246,3.597712701582533,0.17164699984040765,3.597712701582533,3.88145497340093,4.067428925287301,3.5945923410092044,3.513262141495943,0.9405375317262292,3.513262141495943,3.8424778264015913,10.16081136651337,476.5362413227558,477.4099653586745,23.321664824485865,477.4099653586745,512.275088718161,537.7891362924129
bench/bench_results/Llama-3.2-3B/NVIDIA-H200/vllm-0.18.0-default/result/default-random-512x128-8qps-200p.json,20260328-133114,Llama-3.2-3B,3B,NVIDIA-H200,vllm-0.18.0-default,default,default,random,512,128,8.0,200,200,0,25.488374347798526,102200,25600,7.846714634324034,,1004.3794731934763,5014.050651333057,1629.0,20,21.16186048835516,20.18490806221962,5.077674133505313,20.18490806221962,28.844020329415798,31.95954836905001,3.8031869988492506,3.7989934803698007,0.14685272453832549,3.7989934803698007,4.024414641518645,4.056282508164997,3.803188499525248,3.6706505343317986,1.2315157129939032,3.6706505343317986,4.026004066690803,10.236854944378136,504.16660934221005,505.3031235001981,19.765083211594547,505.3031235001981,533.4325013216585,539.7671176400036
bench/bench_results/Llama-3.2-3B/NVIDIA-H200/vllm-0.18.0-default/result/default-random-768x192-2qps-200p.json,20260328-132125,Llama-3.2-3B,3B,NVIDIA-H200,vllm-0.18.0-default,default,default,random,768,192,2.0,200,200,0,100.69314896222204,153400,38400,1.986232450382854,,381.35663047350795,1904.7969199171569,1289.0,9,23.048477950505912,22.657216992229223,4.873850959577962,22.657216992229223,27.663534553721544,33.09306183829899,3.5374501455789775,3.5259449288873146,0.16777505100494813,3.5259449288873146,3.7951624925438487,3.920160265717441,3.5374512648482987,3.475647419691086,0.6469955005780307,3.475647419691086,3.768676472827792,4.552039708942195,698.7014557560906,697.4855451844633,32.75783164309648,697.4855451844633,749.2061709053814,772.2215663921087
bench/bench_results/Llama-3.2-3B/NVIDIA-H200/vllm-0.18.0-default/result/default-random-768x32-2qps-200p.json,20260328-131618,Llama-3.2-3B,3B,NVIDIA-H200,vllm-0.18.0-default,default,default,random,768,32,2.0,200,200,0,100.12239191681147,153400,6400,1.997555153957705,,63.92176492664656,1596.0465680122063,209.0,7,22.826964734122157,20.802277605980635,16.833682621511855,20.802277605980635,27.596312202513204,32.38492855802178,3.3289946112481332,3.2314749945315624,0.17697383924850885,3.2314749945315624,3.63716792104946,3.9982459838351887,3.329001604429176,3.264689352363348,0.7076536964750446,3.264689352363348,3.6390726920217276,4.10519663244486,126.0257976828143,121.04167370125651,17.688806992844825,121.04167370125651,136.4433433394879,157.77748176828027
bench/bench_results/Llama-3.2-3B/NVIDIA-H200/vllm-0.18.0-no-opts/result/default-random-128x128-2qps-200p.json,20260328-153215,Llama-3.2-3B,3B,NVIDIA-H200,vllm-0.18.0-no-opts,no-opts,default,random,128,128,2.0,200,200,0,104.63273888546973,25400,25600,1.9114476227074453,,244.665295706553,487.41914379039855,256.0,18,3157.3425492830575,2712.304951157421,2177.8726418116553,2712.304951157421,6632.4345191475,7279.853437691926,3.867703825932025,3.8638653556310287,0.008190801216283598,3.8638653556310287,3.8834484030059944,3.8907392423482623,3.8677054918627807,3.860726486891508,0.06632719367372893,3.860726486891508,3.911482030525803,4.158786274492741,3648.5409351764247,3203.9254987612367,2177.533480838133,3203.9254987612367,7123.988745827227,7769.951549069955
bench/bench_results/Llama-3.2-3B/NVIDIA-H200/vllm-0.18.0-no-opts/result/default-random-128x512-2qps-200p.json,20260328-154224,Llama-3.2-3B,3B,NVIDIA-H200,vllm-0.18.0-no-opts,no-opts,default,random,128,512,2.0,200,200,0,395.28301231376827,25400,102400,0.5059665955015636,,259.0548968968006,323.31265452549917,267.0,151,147568.49186172243,152002.16300366446,85723.41322520228,152002.16300366446,277748.592094751,289848.3080935198,3.843171481278209,3.882412574529181,0.06116039115113385,3.882412574529181,3.8901177394420725,3.8927991645057083,3.8433599422433686,3.862714394927025,0.10771401824054413,3.862714394927025,3.9241936989128594,4.1451542638242245,149532.3524886556,153988.48155979067,85698.94993797058,153988.48155979067,279665.8359393477,291765.8013711963
bench/bench_results/Llama-3.2-3B/NVIDIA-H200/vllm-0.18.0-no-opts/result/default-random-512x128-16qps-200p.json,20260328-160025,Llama-3.2-3B,3B,NVIDIA-H200,vllm-0.18.0-no-opts,no-opts,default,random,512,128,16.0,200,200,0,100.9133164389059,102200,25600,1.9818989907152873,,253.68307081155677,1266.4334550670685,255.0,177,43915.4411276849,44399.20840645209,25528.171292262592,44399.20840645209,83350.34159729257,86955.50057362765,3.888469526294883,3.8868614589780806,0.005754333268476743,3.8868614589780806,3.9011185779786253,3.9082855775981673,3.889236853354018,3.8848845288157463,0.11921131713675245,3.8848845288157463,3.9368215017020707,4.167856089770794,44409.27675752435,44892.655624076724,25527.995885960943,44892.655624076724,83843.43959521502,87448.50267801434
bench/bench_results/Llama-3.2-3B/NVIDIA-H200/vllm-0.18.0-no-opts/result/default-random-512x128-1qps-200p.json,20260328-155004,Llama-3.2-3B,3B,NVIDIA-H200,vllm-0.18.0-no-opts,no-opts,default,random,512,128,1.0,200,200,0,201.33558944240212,102200,25600,0.99336635193956,,127.15089304826368,634.7610988893789,254.0,7,296.5865802625194,18.48718896508217,424.8252277561669,18.48718896508217,1301.8826370127492,1626.5986648760734,3.8942319963596708,3.8919768875508796,0.007093866034082513,3.8919768875508796,3.905749283584319,3.909280543824232,3.8942337546160255,3.888383973389864,0.07317187181338503,3.888383973389864,3.939430881291628,4.221693566069006,791.1540438001975,513.7503994628787,424.94277581307307,513.7503994628787,1796.268019685521,2122.4593689385797
bench/bench_results/Llama-3.2-3B/NVIDIA-H200/vllm-0.18.0-no-opts/result/default-random-512x128-2qps-200p.json,20260328-155241,Llama-3.2-3B,3B,NVIDIA-H200,vllm-0.18.0-no-opts,no-opts,default,random,512,128,2.0,200,200,0,105.22866521030664,102200,25600,1.9006227970324094,,243.2797180201484,1214.4979673037096,254.0,19,3434.77380072698,3182.2006357833743,2261.9640823570294,3182.2006357833743,6940.154252760112,7559.311164515092,3.8979707792122653,3.895623679089499,0.0076671803540791375,3.895623679089499,3.910892424136987,3.9172991392327337,3.897972483825906,3.8918983191251755,0.07513746240310049,3.8918983191251755,3.946409747004509,4.230045164003968,3929.8160896869376,3676.782268099487,2261.806589932872,3676.782268099487,7434.02530294843,8054.974297052249
bench/bench_results/Llama-3.2-3B/NVIDIA-H200/vllm-0.18.0-no-opts/result/default-random-512x128-4qps-200p.json,20260328-155514,Llama-3.2-3B,3B,NVIDIA-H200,vllm-0.18.0-no-opts,no-opts,default,random,512,128,4.0,200,200,0,101.17405713815242,102200,25600,1.9767913401644208,,253.02929154104586,1263.1696663650648,255.0,103,25090.310374805704,27000.119014643133,14851.738741111227,27000.119014643133,47435.12226683087,49833.33626251668,3.8926256074401455,3.891773899562481,0.003964498213086431,3.891773899562481,3.899685127704632,3.9048458009547606,3.8933937173600057,3.890817053616047,0.1408499266522565,3.890817053616047,3.939321637153626,4.161524139344694,25584.673826950602,27493.972630705684,14851.687205281503,27493.972630705684,47929.54864194616,50327.471636580296
bench/bench_results/Llama-3.2-3B/NVIDIA-H200/vllm-0.18.0-no-opts/result/default-random-512x128-8qps-200p.json,20260328-155748,Llama-3.2-3B,3B,NVIDIA-H200,vllm-0.18.0-no-opts,no-opts,default,random,512,128,8.0,200,200,0,100.81561689637601,102200,25600,1.9838196318886914,,253.9289128817525,1267.6607447768738,256.0,153,37547.47489497997,38504.672553855926,21914.285606380727,38504.672553855926,71199.84342437236,74398.05274290031,3.883396040787553,3.8828393994412553,0.004923989814252176,3.8828393994412553,3.8928270512297165,3.8983056483071623,3.883703465701318,3.8804104551672935,0.09846270590531658,3.8804104551672935,3.9311710745096207,4.159861821681261,38040.66619215999,38998.083079233766,21914.1919221332,38998.083079233766,71693.89623668975,74891.04737055488
bench/bench_results/Llama-3.2-3B/NVIDIA-H200/vllm-0.18.0-no-opts/result/default-random-768x192-2qps-200p.json,20260328-154550,Llama-3.2-3B,3B,NVIDIA-H200,vllm-0.18.0-no-opts,no-opts,default,random,768,192,2.0,200,200,0,151.8930390086025,153400,38400,1.3167160345555595,,252.80947863466744,1262.7306771387816,255.0,70,25122.714914022945,28831.777380313724,15188.370175204476,28831.777380313724,47180.90508519671,49960.46914034522,3.902825513215862,3.900861460227929,0.006659618608377656,3.900861460227929,3.916410277768267,3.9191386218704474,3.9031331577564616,3.8989437744021416,0.1015856304083016,3.8989437744021416,3.9474908262491226,4.223777279257774,25868.154587047175,29578.029948752373,15188.113633018062,29578.029948752373,47924.81217775493,50705.12123195454
bench/bench_results/Llama-3.2-3B/NVIDIA-H200/vllm-0.18.0-no-opts/result/default-random-768x32-2qps-200p.json,20260328-153456,Llama-3.2-3B,3B,NVIDIA-H200,vllm-0.18.0-no-opts,no-opts,default,random,768,32,2.0,200,200,0,100.13892903737724,153400,6400,1.9972252741523653,,63.91120877287569,1595.7829940477397,229.0,8,41.4533821772784,17.73102069273591,48.90423578419377,17.73102069273591,140.2767816092819,201.67988387867751,3.89483500016673,3.890250358850725,0.016719676317022793,3.890250358850725,3.942206368270901,3.953112559993902,3.894841895408688,3.894881345331669,0.115829799700345,3.894881345331669,4.018219234421846,4.24393649213016,162.19326718244702,138.46248434856534,48.881193972113515,138.46248434856534,260.9323662240058,322.04689530655685
